{
    "rmse": [
        0.003257493954151869,
        0.003074334003031254,
        0.003091847524046898,
        0.0030642894562333822,
        0.0030513196252286434
    ],
    "mae": [
        0.002509060315787792,
        0.0023647991474717855,
        0.0023865390103310347,
        0.0023665933404117823,
        0.002359042875468731
    ],
    "r2": [
        0.9988299608230591,
        0.9988636374473572,
        0.9988821744918823,
        0.9988890886306763,
        0.9988948106765747
    ],
    "loss": [
        1.1970008075877558e-05,
        1.0441501195600722e-05,
        1.0659710166995259e-05,
        1.0459301694936585e-05,
        1.035801539892418e-05
    ]
}