{
    "rmse": [
        0.002690450055524707,
        0.002748515224084258,
        0.002684560837224126,
        0.0026592696085572243,
        0.002625188557431102
    ],
    "mae": [
        0.00208474462851882,
        0.002121902536600828,
        0.0020737899467349052,
        0.0020589372143149376,
        0.002031320473179221
    ],
    "r2": [
        0.9991787672042847,
        0.9991557598114014,
        0.9991967678070068,
        0.9992011189460754,
        0.9992191791534424
    ],
    "loss": [
        8.097986399964915e-06,
        8.475804885203312e-06,
        8.092707819981924e-06,
        7.909681433441544e-06,
        7.705564028507676e-06
    ]
}