{
    "rmse": [
        0.18200305104255676,
        0.12332125753164291,
        0.1027659997344017,
        0.09459469467401505,
        0.08962631225585938,
        0.09387693554162979,
        0.09390558302402496,
        0.08948706090450287,
        0.0893404558300972,
        0.0860135406255722,
        0.08657942712306976,
        0.08427350223064423,
        0.08444055169820786,
        0.08228415250778198,
        0.0817781388759613,
        0.08405908197164536,
        0.08489325642585754,
        0.08408808708190918,
        0.08173717558383942,
        0.08083020150661469,
        0.08123710006475449,
        0.08127910643815994,
        0.08209805935621262,
        0.08521514385938644,
        0.07999144494533539,
        0.07788213342428207,
        0.07811227440834045,
        0.07979627698659897,
        0.07797345519065857,
        0.07824663072824478,
        0.07838359475135803,
        0.07910796999931335,
        0.07914501428604126,
        0.07679694145917892,
        0.07857435941696167,
        0.07648200541734695,
        0.07528921961784363,
        0.07735174894332886,
        0.08085331320762634,
        0.07611345499753952,
        0.07560054212808609,
        0.07444803416728973,
        0.07548562437295914,
        0.07733912765979767,
        0.07750347256660461,
        0.07632911950349808,
        0.07468058913946152,
        0.07405146956443787,
        0.07465417683124542,
        0.0758548378944397
    ],
    "mae": [
        0.13882668316364288,
        0.09172235429286957,
        0.07662481814622879,
        0.07020580023527145,
        0.06517187505960464,
        0.06919192522764206,
        0.06944122910499573,
        0.06450396776199341,
        0.0654463842511177,
        0.06212819367647171,
        0.06249552220106125,
        0.060094110667705536,
        0.05988995358347893,
        0.05824335291981697,
        0.05721825361251831,
        0.05961325392127037,
        0.06108174845576286,
        0.06032073497772217,
        0.05763445422053337,
        0.056754812598228455,
        0.05716919153928757,
        0.05722043290734291,
        0.05769829452037811,
        0.06140816956758499,
        0.055741045624017715,
        0.05359788239002228,
        0.05431045964360237,
        0.055880531668663025,
        0.053783997893333435,
        0.054790034890174866,
        0.05460888519883156,
        0.055786967277526855,
        0.054707933217287064,
        0.05311950296163559,
        0.05456974357366562,
        0.05314607173204422,
        0.05165392532944679,
        0.05337883532047272,
        0.05783849209547043,
        0.05311470478773117,
        0.05169183760881424,
        0.05080040171742439,
        0.052048102021217346,
        0.05455173924565315,
        0.05490598455071449,
        0.052327804267406464,
        0.051849134266376495,
        0.05159861594438553,
        0.05182255432009697,
        0.05324687063694
    ],
    "r2": [
        0.21995319426059723,
        0.5279362201690674,
        0.6559587121009827,
        0.6988449096679688,
        0.722355842590332,
        0.7050036191940308,
        0.6999947428703308,
        0.7263487577438354,
        0.7241809368133545,
        0.73380446434021,
        0.7334059476852417,
        0.7538377642631531,
        0.7544447779655457,
        0.7586627006530762,
        0.7625856399536133,
        0.7504027485847473,
        0.7532182335853577,
        0.7605260610580444,
        0.7623603343963623,
        0.7692735195159912,
        0.7619152665138245,
        0.7642302513122559,
        0.7744234800338745,
        0.7627394795417786,
        0.7715051174163818,
        0.7894701957702637,
        0.7927624583244324,
        0.7835058569908142,
        0.7936462163925171,
        0.7915006279945374,
        0.7866660952568054,
        0.7881084084510803,
        0.795192301273346,
        0.804212212562561,
        0.7934376001358032,
        0.7987754344940186,
        0.7988209128379822,
        0.7959811091423035,
        0.7755972146987915,
        0.8039284348487854,
        0.8079425692558289,
        0.8119521737098694,
        0.809222400188446,
        0.8026382923126221,
        0.8041088581085205,
        0.8000912070274353,
        0.8146135210990906,
        0.8191302418708801,
        0.8097320795059204,
        0.8089635968208313
    ],
    "loss": [
        0.044077206530015574,
        0.018604220780120653,
        0.012976126491346142,
        0.010831771630116484,
        0.009756558955731716,
        0.010766762033612891,
        0.010738084664229642,
        0.009752552469514987,
        0.00957086817784743,
        0.008847629799592223,
        0.008968244581906632,
        0.008599245084703645,
        0.008611039068041877,
        0.008121780712496151,
        0.00815243805250661,
        0.008582813379524106,
        0.008820991560986096,
        0.008590775573710826,
        0.008243693208152597,
        0.007875862743028185,
        0.007952406198124994,
        0.007982963484457949,
        0.008273237173191526,
        0.008895510193807158,
        0.007735856194895777,
        0.0075553240233354945,
        0.0074260842944072055,
        0.007747804259204052,
        0.007443625225939534,
        0.007498625052076849,
        0.007396076022731987,
        0.007699792887168852,
        0.007672996260225773,
        0.007380670762028207,
        0.007679115769199349,
        0.007157298122448,
        0.006899138372814791,
        0.007336140610277653,
        0.007925692395391789,
        0.007087652169337327,
        0.007048490848815577,
        0.006786188174208457,
        0.007015615151348439,
        0.00741420020560988,
        0.007419776245528324,
        0.007095811475830322,
        0.006870360653424127,
        0.006770538113249297,
        0.006868011254647916,
        0.007179291199215434
    ]
}