{
    "rmse": [
        0.004084325395524502,
        0.003927186597138643,
        0.0038717736024409533,
        0.0040262434631586075,
        0.003938168752938509
    ],
    "mae": [
        0.00316145783290267,
        0.003015524009242654,
        0.0029690098017454147,
        0.003093273378908634,
        0.003017970360815525
    ],
    "r2": [
        0.9979660511016846,
        0.9980512261390686,
        0.9981167316436768,
        0.9980844855308533,
        0.9981415271759033
    ],
    "loss": [
        1.8590404290923134e-05,
        1.705919096754614e-05,
        1.6635173985962206e-05,
        1.833813075791113e-05,
        1.7467201408779636e-05
    ]
}