{
    "beta_list": [
        1.0,
        0.5,
        0.3333333333333333,
        0.25,
        0.2,
        0.16666666666666666,
        0.14285714285714285,
        0.125,
        0.1111111111111111,
        0.1,
        0.09090909090909091,
        0.08333333333333333,
        0.07692307692307693,
        0.07142857142857142,
        0.06666666666666667,
        0.0625,
        0.058823529411764705,
        0.05555555555555555,
        0.05263157894736842,
        0.05
    ],
    "student_Nchoice": [
        0,
        496,
        685,
        767,
        782,
        816,
        847,
        883,
        888,
        880,
        912,
        918,
        919,
        910,
        929,
        938,
        940,
        951,
        951,
        951
    ],
    "expert_Nchoice": [
        1000,
        504,
        315,
        233,
        218,
        184,
        153,
        117,
        112,
        120,
        88,
        82,
        81,
        90,
        71,
        62,
        60,
        49,
        49,
        49
    ]
}