{
    "rmse": [
        0.01103147678077221,
        0.010570289567112923,
        0.010786816477775574,
        0.010713426396250725,
        0.010561520233750343
    ],
    "mae": [
        0.007710200734436512,
        0.007471587508916855,
        0.007482999470084906,
        0.00744551932439208,
        0.0073700714856386185
    ],
    "r2": [
        0.9867358803749084,
        0.9878201484680176,
        0.9873436689376831,
        0.987524151802063,
        0.9878655672073364
    ],
    "loss": [
        0.00012211973122413085,
        0.00011213704717675758,
        0.00011699298076021656,
        0.00011554284171953388,
        0.0001121920546634432
    ]
}