{
    "rmse": [
        0.09932705014944077,
        0.09480060636997223,
        0.09357350319623947,
        0.0922798216342926,
        0.09132419526576996,
        0.09060060232877731,
        0.09024569392204285,
        0.09004777669906616,
        0.08992478996515274,
        0.08981110155582428,
        0.08970148861408234,
        0.08960095047950745,
        0.08948183059692383,
        0.08943453431129456,
        0.08939923346042633,
        0.08934511244297028,
        0.08935629576444626,
        0.08925645053386688,
        0.08920185267925262,
        0.08916129171848297,
        0.08919993788003922,
        0.08903376758098602,
        0.08902564644813538,
        0.08906397968530655,
        0.08903635293245316,
        0.08894713222980499,
        0.08893245458602905,
        0.08887758105993271,
        0.08890273422002792,
        0.08882133662700653,
        0.08880370855331421,
        0.08884838223457336,
        0.08875772356987,
        0.08876803517341614,
        0.08872035145759583,
        0.08869166672229767,
        0.08868007361888885,
        0.088714599609375,
        0.0886593759059906,
        0.088563472032547,
        0.08864419162273407,
        0.08857466280460358,
        0.08861643821001053,
        0.08847890049219131,
        0.0885683000087738,
        0.08847100287675858,
        0.0884452611207962,
        0.08850178122520447,
        0.08839497715234756,
        0.08844791352748871
    ],
    "mae": [
        0.07838316261768341,
        0.0754961371421814,
        0.07455441355705261,
        0.07359969615936279,
        0.07281659543514252,
        0.07226407527923584,
        0.07197167724370956,
        0.07182224094867706,
        0.07175087928771973,
        0.07162471115589142,
        0.07155594229698181,
        0.07148605585098267,
        0.07140545547008514,
        0.07135547697544098,
        0.07132509350776672,
        0.07129885256290436,
        0.0712800920009613,
        0.07123389095067978,
        0.07118888199329376,
        0.07115115970373154,
        0.0711650401353836,
        0.07106570899486542,
        0.07105191051959991,
        0.07107669115066528,
        0.07105176895856857,
        0.07100842893123627,
        0.07097646594047546,
        0.07096290588378906,
        0.07095381617546082,
        0.07089310884475708,
        0.07089048624038696,
        0.07089988887310028,
        0.07085822522640228,
        0.07084871083498001,
        0.0708358883857727,
        0.07082319259643555,
        0.07080760598182678,
        0.07082048058509827,
        0.07076118886470795,
        0.07072728872299194,
        0.0707719549536705,
        0.07073095440864563,
        0.07072997093200684,
        0.07065262645483017,
        0.07068488746881485,
        0.0706532746553421,
        0.07062924653291702,
        0.07064858824014664,
        0.07060559093952179,
        0.0706169605255127
    ],
    "r2": [
        0.42089831829071045,
        0.47234755754470825,
        0.4860522150993347,
        0.500188946723938,
        0.5104781985282898,
        0.5182144641876221,
        0.5219160318374634,
        0.524018406867981,
        0.5252798795700073,
        0.5265346765518188,
        0.5276904702186584,
        0.5287334322929382,
        0.5299957394599915,
        0.530457615852356,
        0.5308142900466919,
        0.5313923358917236,
        0.5312725305557251,
        0.5323281288146973,
        0.5328748226165771,
        0.5333243012428284,
        0.5328816175460815,
        0.534648060798645,
        0.5347278714179993,
        0.5343067049980164,
        0.5345951318740845,
        0.5355417132377625,
        0.5356931686401367,
        0.5362497568130493,
        0.5359722971916199,
        0.5368626117706299,
        0.5370171070098877,
        0.5365821123123169,
        0.5375009179115295,
        0.5374153256416321,
        0.5378930568695068,
        0.5381741523742676,
        0.5383177995681763,
        0.5379489660263062,
        0.5385009050369263,
        0.5395487546920776,
        0.5386709570884705,
        0.539411187171936,
        0.5389813184738159,
        0.5403854250907898,
        0.5394641160964966,
        0.5404833555221558,
        0.5407323837280273,
        0.5401912927627563,
        0.5412795543670654,
        0.5407086610794067
    ],
    "loss": [
        0.009867771784638801,
        0.008988920953233687,
        0.00875790159855234,
        0.008517780043021367,
        0.008342200610378202,
        0.00821024169314827,
        0.008145911057414324,
        0.008110628764918455,
        0.008088118131871592,
        0.00806808518109658,
        0.008048141989257861,
        0.00803008121955726,
        0.008008830322154215,
        0.008000635099461117,
        0.007994416128974734,
        0.007984306819856776,
        0.007986520852060303,
        0.007968217103159305,
        0.007958928927131084,
        0.007951587584953516,
        0.007958165101696089,
        0.007929033145706076,
        0.007927173447702624,
        0.007934172760983875,
        0.00792876712580304,
        0.007912881510354013,
        0.007911014456399962,
        0.007901028628537312,
        0.007905689674723698,
        0.007891392972516386,
        0.007887836744496871,
        0.007895848348911046,
        0.007879487982248528,
        0.007881393773230718,
        0.00787318168188941,
        0.00786799842312017,
        0.007866012791650947,
        0.00787200122371817,
        0.007862004761213752,
        0.007845365064496403,
        0.007858958034721688,
        0.007847068482078612,
        0.007854656606357088,
        0.007830066970625773,
        0.00784609244376617,
        0.007828727996314478,
        0.007824191191146553,
        0.007833818663374592,
        0.007815457324971232,
        0.007824461723334696
    ]
}