{
    "rmse": [
        0.09683806449174881,
        0.09267053008079529,
        0.09132033586502075,
        0.09057710319757462,
        0.09030432999134064,
        0.09000296890735626,
        0.089819997549057,
        0.08962929248809814,
        0.08952917158603668,
        0.0893775001168251,
        0.08929876238107681,
        0.08922721445560455,
        0.08915045112371445,
        0.08905705064535141,
        0.08900165557861328,
        0.08892343193292618,
        0.08886969089508057,
        0.08880133181810379,
        0.08877025544643402,
        0.08870053291320801,
        0.08864617347717285,
        0.08862940967082977,
        0.08857375383377075,
        0.08856560289859772,
        0.08849318325519562,
        0.08845652639865875,
        0.0884026363492012,
        0.08839699625968933,
        0.08836798369884491,
        0.08832529187202454,
        0.08830952644348145,
        0.088247150182724,
        0.08821816742420197,
        0.08820042759180069,
        0.08815179765224457,
        0.08812376111745834,
        0.08811520040035248,
        0.08807164430618286,
        0.0880325585603714,
        0.08802471309900284,
        0.08798669278621674,
        0.08794230222702026,
        0.08793073892593384,
        0.08787970244884491,
        0.08787369728088379,
        0.0878315195441246,
        0.08779187500476837,
        0.08776016533374786,
        0.08774328976869583,
        0.0877070277929306
    ],
    "mae": [
        0.07668474316596985,
        0.07386381924152374,
        0.07281576842069626,
        0.07224761694669724,
        0.07202218472957611,
        0.07177671790122986,
        0.07164465636014938,
        0.07148817181587219,
        0.07141207903623581,
        0.07127352058887482,
        0.07123885303735733,
        0.07116196304559708,
        0.07110516726970673,
        0.07103970646858215,
        0.07099288702011108,
        0.07093187421560287,
        0.07088920474052429,
        0.07083530724048615,
        0.07081365585327148,
        0.07075725495815277,
        0.07071135938167572,
        0.070694200694561,
        0.07066282629966736,
        0.07065380364656448,
        0.07059106975793839,
        0.07057474553585052,
        0.07052000612020493,
        0.07052471488714218,
        0.07048894464969635,
        0.07045453786849976,
        0.07045014202594757,
        0.07040246576070786,
        0.07036741077899933,
        0.07035916298627853,
        0.07031796872615814,
        0.07030501961708069,
        0.07029411196708679,
        0.07026208937168121,
        0.07023701071739197,
        0.07022067904472351,
        0.0701969712972641,
        0.07015126198530197,
        0.07014419883489609,
        0.07011410593986511,
        0.07009190320968628,
        0.07006649672985077,
        0.0700426697731018,
        0.0700148418545723,
        0.0700032040476799,
        0.0699695497751236
    ],
    "r2": [
        0.4138420820236206,
        0.46308234333992004,
        0.4787004292011261,
        0.4872066080570221,
        0.4903136193752289,
        0.4937036335468292,
        0.495785117149353,
        0.4979415237903595,
        0.49906736612319946,
        0.5007538795471191,
        0.5016384124755859,
        0.5024299025535583,
        0.5033035278320312,
        0.5043429136276245,
        0.5049538612365723,
        0.5058395862579346,
        0.5064359903335571,
        0.5071861743927002,
        0.5075475573539734,
        0.5083004236221313,
        0.5089207887649536,
        0.509105384349823,
        0.5096993446350098,
        0.5098127126693726,
        0.5105994939804077,
        0.5110146999359131,
        0.5116186141967773,
        0.5116740465164185,
        0.5119999647140503,
        0.5124684572219849,
        0.5126512050628662,
        0.5133323073387146,
        0.5136547088623047,
        0.5138586163520813,
        0.5143961906433105,
        0.5146881341934204,
        0.5147943496704102,
        0.5152653455734253,
        0.5157018899917603,
        0.5157803297042847,
        0.5162061452865601,
        0.5166951417922974,
        0.5168297290802002,
        0.5173846483230591,
        0.5174587368965149,
        0.5179124474525452,
        0.518351674079895,
        0.5187033414840698,
        0.5188854336738586,
        0.519289493560791
    ],
    "loss": [
        0.009378850785930261,
        0.008588925727099943,
        0.00834043637697859,
        0.008205364986069132,
        0.008155869299433512,
        0.008100991408550053,
        0.008068541788974508,
        0.00803434017626824,
        0.00801633720676086,
        0.007989467632100395,
        0.007975312039916705,
        0.007962253548620334,
        0.007949269544401323,
        0.00793196816147191,
        0.007922109501126479,
        0.007908674268055388,
        0.0078990534334435,
        0.007886690884774084,
        0.007881708219783616,
        0.007869212152487454,
        0.00785930654854672,
        0.007856271011751466,
        0.007846154744857736,
        0.007844971848730087,
        0.007831725552746213,
        0.007825294446193322,
        0.007816264080479605,
        0.007814779803940049,
        0.007810045841917859,
        0.007802267474253445,
        0.007799928669240564,
        0.0077889769166108675,
        0.007783098614194057,
        0.007779965414180398,
        0.007771441813599202,
        0.007766587486221596,
        0.007765019207450491,
        0.007757804382054418,
        0.007751248917717766,
        0.007749523252241953,
        0.007742222173435705,
        0.007734522388284342,
        0.007732769236874373,
        0.007723761756838022,
        0.007722634580360906,
        0.007715475447544014,
        0.00770815424144377,
        0.0077025499116540825,
        0.007700477914894902,
        0.007693437531665376
    ]
}