{
    "rmse": [
        0.0013727487530559301,
        0.001356959925033152,
        0.0012998097809031606,
        0.00132369389757514,
        0.001312647364102304
    ],
    "mae": [
        0.001036201254464686,
        0.0010324334725737572,
        0.000991277163848281,
        0.001008088351227343,
        0.00100061041302979
    ],
    "r2": [
        0.9997814893722534,
        0.9997954964637756,
        0.9998109340667725,
        0.9998080730438232,
        0.9998091459274292
    ],
    "loss": [
        2.105800617831021e-06,
        2.073172271481276e-06,
        1.89537525597914e-06,
        1.9721708769295502e-06,
        1.9344633665832853e-06
    ]
}