{
    "rmse": [
        0.0036884041037410498,
        0.0038882605731487274,
        0.0038132602348923683,
        0.003927914891391993,
        0.0040456755086779594
    ],
    "mae": [
        0.002748352475464344,
        0.0029231300577521324,
        0.0028569053392857313,
        0.002965447725728154,
        0.0030621765181422234
    ],
    "r2": [
        0.9982919692993164,
        0.99825119972229,
        0.9982884526252747,
        0.9982578754425049,
        0.9981869459152222
    ],
    "loss": [
        1.4915132649346358e-05,
        1.6829511090084755e-05,
        1.613378886018095e-05,
        1.7267951221179422e-05,
        1.8398969679967397e-05
    ]
}