{
    "Episode 0": -0.056534021152897046,
    "Episode 1": -0.09485366505336858,
    "Episode 2": -0.05867090987675741,
    "Episode 3": -0.1081238734438085,
    "Episode 4": -0.06249669847033441,
    "Episode 5": -0.11807095469506784,
    "Episode 6": -0.05009764196069987,
    "Episode 7": -0.07698922921364845,
    "Episode 8": -0.026322905367586354,
    "Episode 9": -0.039496324652409584,
    "Episode 10": -0.06167919707324347,
    "Episode 11": -0.015187183471224523,
    "Episode 12": -0.07873901304642604,
    "Episode 13": -0.07753801607615035,
    "Episode 14": -0.06340932755660898,
    "Episode 15": -0.058049764864520764,
    "Episode 16": -0.05110471727575074,
    "Episode 17": -0.09828665138433626,
    "Episode 18": -0.009581108076960611,
    "Episode 19": -0.08190321739153694,
    "Episode 20": -0.06685864936872,
    "Episode 21": -0.04642628260708565,
    "Episode 22": -0.06692181277502289,
    "Episode 23": -0.04477116260199491,
    "Episode 24": -0.07007339690466652,
    "Episode 25": -0.0957840424818573,
    "Episode 26": -0.03571000180364526,
    "Episode 27": -0.07987733139639902,
    "Episode 28": -0.11725617358818173,
    "Episode 29": -0.08227171118250802,
    "Episode 30": -0.0371358969299702,
    "Episode 31": -0.04619152232789151,
    "Episode 32": -0.014110250704278198,
    "Episode 33": -0.06311104508332575,
    "Episode 34": -0.06603963641335925,
    "Episode 35": -0.06678676122229057,
    "Episode 36": -0.061036327096949616,
    "Episode 37": -0.09602135535733901,
    "Episode 38": -0.031674205118449546,
    "Episode 39": -0.05575135327952924,
    "Episode 40": -0.04078095656659064,
    "Episode 41": -0.030617390319642016,
    "Episode 42": -0.035302991711652125,
    "Episode 43": -0.05368371549540852,
    "Episode 44": -0.09883326178640603,
    "Episode 45": -0.06266218050463489,
    "Episode 46": -0.05187838051425658,
    "Episode 47": -0.08667762415828519,
    "Episode 48": -0.04712212585743175,
    "Episode 49": -0.05965599157421455,
    "Episode 50": -0.09044281506634406,
    "Episode 51": -0.035481236694999536,
    "Episode 52": -0.05456884387763093,
    "Episode 53": -0.1083605391234504,
    "Episode 54": -0.11265849356180521,
    "Episode 55": -0.062135948772986456,
    "Episode 56": -0.05865750059015628,
    "Episode 57": -0.07227632470903755,
    "Episode 58": -0.028953045927747133,
    "Episode 59": -0.09502977511163699,
    "Episode 60": -0.028502557722442912,
    "Episode 61": -0.09512416617698326,
    "Episode 62": -0.041223830485079375,
    "Episode 63": -0.093700820969746,
    "Episode 64": -0.08052479073282277,
    "Episode 65": -0.015635353032640888,
    "Episode 66": -0.06072094086489559,
    "Episode 67": -0.06526023142160797,
    "Episode 68": -0.11035231424438456,
    "Episode 69": -0.06441888278810166,
    "Episode 70": -0.047160421753142695,
    "Episode 71": -0.05983467273900671,
    "Episode 72": -0.04315581656102576,
    "Episode 73": -0.025806017090336968,
    "Episode 74": -0.07232482454759318,
    "Episode 75": -0.07438897939260752,
    "Episode 76": -0.11299084968446378,
    "Episode 77": -0.09094760103806251,
    "Episode 78": -0.08625566896661754,
    "Episode 79": -0.07376695230513486,
    "Episode 80": -0.05408700691427264,
    "Episode 81": -0.0862014301060151,
    "Episode 82": -0.06298869792763133,
    "Episode 83": -0.07541742808394482,
    "Episode 84": -0.08641319147728754,
    "Episode 85": -0.027188225733352174,
    "Episode 86": -0.07649516778680765,
    "Episode 87": -0.07143291528013036,
    "Episode 88": -0.044948235261289354,
    "Episode 89": -0.055236370724525106,
    "Episode 90": -0.04263569858999607,
    "Episode 91": -0.0815675118717571,
    "Episode 92": -0.0474035086639594,
    "Episode 93": -0.05047487722687471,
    "Episode 94": -0.08095780722595228,
    "Episode 95": -0.0900929676535958,
    "Episode 96": -0.06397999889597311,
    "Episode 97": -0.09328211640075848,
    "Episode 98": -0.11374441582465489,
    "Episode 99": -0.06519661354487771,
    "mean_of_means": -0.0652856235798147
}