{
    "Episode 0": 0.013333333333333334,
    "mean_of_means": 0.013333333333333334
}