{
    "Episode 0": -0.056379701002732686,
    "Episode 1": -0.1086602490354209,
    "Episode 2": -0.058618748851342446,
    "Episode 3": -0.14444262224701684,
    "Episode 4": -0.06320344264151312,
    "mean_of_means": -0.08626095275560519
}