{
    "Episode 0": -0.05652534875001176,
    "Episode 1": -0.09528547003958013,
    "Episode 2": -0.0586910638349094,
    "Episode 3": -0.10839101722970945,
    "Episode 4": -0.062498360597739305,
    "Episode 5": -0.11946022763309098,
    "Episode 6": -0.05037565805612825,
    "Episode 7": -0.07639223066814135,
    "Episode 8": -0.026549831327303878,
    "Episode 9": -0.039780468755332234,
    "Episode 10": -0.06154129045637907,
    "Episode 11": -0.015407092031219271,
    "Episode 12": -0.07869932124919465,
    "Episode 13": -0.0774183433610043,
    "Episode 14": -0.07346130486812673,
    "Episode 15": -0.05782123667277391,
    "Episode 16": -0.0509150355485902,
    "Episode 17": -0.0985184874314915,
    "Episode 18": -0.010291560080674557,
    "Episode 19": -0.08157776944590679,
    "Episode 20": -0.06759241011492682,
    "Episode 21": -0.04646688933398568,
    "Episode 22": -0.06776216329743841,
    "Episode 23": -0.044744475512194605,
    "Episode 24": -0.07539022304853868,
    "Episode 25": -0.09568448340818181,
    "Episode 26": -0.036448656008211205,
    "Episode 27": -0.08008406955840713,
    "Episode 28": -0.11913512452560658,
    "Episode 29": -0.08379269366294556,
    "Episode 30": -0.03705656872325017,
    "Episode 31": -0.046470048092107044,
    "Episode 32": -0.01481116457998833,
    "Episode 33": -0.06317225166328293,
    "Episode 34": -0.0658162918621148,
    "Episode 35": -0.06602443548942416,
    "Episode 36": -0.06104601107972021,
    "Episode 37": -0.09741794011002396,
    "Episode 38": -0.03168112490517785,
    "Episode 39": -0.0557148030651703,
    "Episode 40": -0.04147773953499777,
    "Episode 41": -0.030812833904198426,
    "Episode 42": -0.03501583723201953,
    "Episode 43": -0.05358824060926344,
    "Episode 44": -0.09900705145858284,
    "Episode 45": -0.06258163215953,
    "Episode 46": -0.05159523496961028,
    "Episode 47": -0.08646039005607617,
    "Episode 48": -0.04715649531414208,
    "Episode 49": -0.059433611850444254,
    "Episode 50": -0.09029931431239456,
    "Episode 51": -0.0352451690517135,
    "Episode 52": -0.05519698004210813,
    "Episode 53": -0.10865677155991652,
    "Episode 54": -0.11298842032251753,
    "Episode 55": -0.06215111488857875,
    "Episode 56": -0.058397264921977804,
    "Episode 57": -0.07258897444551851,
    "Episode 58": -0.028416591766195456,
    "Episode 59": -0.09533803768696598,
    "Episode 60": -0.0288156770951811,
    "Episode 61": -0.09498183958987454,
    "Episode 62": -0.04205335846034829,
    "Episode 63": -0.09413225416878056,
    "Episode 64": -0.08129372368926115,
    "Episode 65": -0.016957668893818195,
    "Episode 66": -0.059996668768769,
    "Episode 67": -0.06534247545869139,
    "Episode 68": -0.10968820786137469,
    "Episode 69": -0.06411089437063915,
    "Episode 70": -0.047480421750194485,
    "Episode 71": -0.05971602830453295,
    "Episode 72": -0.04348492112127671,
    "Episode 73": -0.026149563534618506,
    "Episode 74": -0.07310200661908486,
    "Episode 75": -0.07422638979776339,
    "Episode 76": -0.1140482979779791,
    "Episode 77": -0.09098634465787579,
    "Episode 78": -0.08702312059028472,
    "Episode 79": -0.07916964168047447,
    "Episode 80": -0.0539874712306971,
    "Episode 81": -0.09740065665917051,
    "Episode 82": -0.06246470890509737,
    "Episode 83": -0.07559484877808022,
    "Episode 84": -0.08647318720319336,
    "Episode 85": -0.027282510094065047,
    "Episode 86": -0.07646355532812436,
    "Episode 87": -0.0713931319832684,
    "Episode 88": -0.044502179465044506,
    "Episode 89": -0.055001965567016316,
    "Episode 90": -0.042238745849705224,
    "Episode 91": -0.08165152289482941,
    "Episode 92": -0.047476340113905474,
    "Episode 93": -0.050596363750552514,
    "Episode 94": -0.0811842859267475,
    "Episode 95": -0.10000461623631413,
    "Episode 96": -0.06400555175622463,
    "Episode 97": -0.09348850412643651,
    "Episode 98": -0.1148125015133515,
    "Episode 99": -0.07057768195229742,
    "mean_of_means": -0.06591680485889699
}