{
    "rmse": [
        0.2648600935935974,
        0.25761881470680237,
        0.25091543793678284,
        0.24482247233390808,
        0.23903888463974,
        0.23366914689540863,
        0.22835683822631836,
        0.22351543605327606,
        0.21926864981651306,
        0.21538768708705902,
        0.21165743470191956,
        0.20779411494731903,
        0.20302490890026093,
        0.19760839641094208,
        0.1915612667798996,
        0.1851687729358673,
        0.17852124571800232,
        0.17158982157707214,
        0.1645907312631607,
        0.15799164772033691,
        0.15163525938987732,
        0.145716592669487,
        0.14109086990356445,
        0.13726337254047394,
        0.13446755707263947,
        0.13248783349990845,
        0.1311042606830597,
        0.13018861413002014,
        0.12915530800819397,
        0.128204345703125,
        0.12725858390331268,
        0.12639036774635315,
        0.1253274530172348,
        0.12425971031188965,
        0.12322679907083511,
        0.12222334742546082,
        0.1209878921508789,
        0.1199815645813942,
        0.11909474432468414,
        0.11830040067434311,
        0.11747440695762634,
        0.11663340032100677,
        0.11571768671274185,
        0.11485375463962555,
        0.1138525903224945,
        0.11281643807888031,
        0.11171877384185791,
        0.11091074347496033,
        0.10977604985237122,
        0.10861559957265854
    ],
    "mae": [
        0.2190278321504593,
        0.2119019627571106,
        0.20538929104804993,
        0.19959869980812073,
        0.1943385899066925,
        0.1895507276058197,
        0.1849987953901291,
        0.18098224699497223,
        0.1773717701435089,
        0.1739618480205536,
        0.17064940929412842,
        0.16719889640808105,
        0.1630144715309143,
        0.15827041864395142,
        0.15307460725307465,
        0.14762519299983978,
        0.1420733630657196,
        0.13623544573783875,
        0.13043028116226196,
        0.12487243115901947,
        0.11952773481607437,
        0.11437133699655533,
        0.11014937609434128,
        0.10676443576812744,
        0.10409484803676605,
        0.10186932235956192,
        0.10000579804182053,
        0.09869078546762466,
        0.09739603847265244,
        0.09648546576499939,
        0.0955980122089386,
        0.0946447029709816,
        0.09364044666290283,
        0.09291598945856094,
        0.09217434376478195,
        0.09126022458076477,
        0.09052357822656631,
        0.08979383111000061,
        0.08876854926347733,
        0.0884649008512497,
        0.08808653801679611,
        0.08703860640525818,
        0.08621614426374435,
        0.08565742522478104,
        0.08488482236862183,
        0.08385705947875977,
        0.0829181969165802,
        0.08262160420417786,
        0.08157474547624588,
        0.08024045079946518
    ],
    "r2": [
        -0.9630659818649292,
        -0.7347174882888794,
        -0.5313034653663635,
        -0.35384318232536316,
        -0.21016573905944824,
        -0.09697789698839188,
        -0.004204690456390381,
        0.06559178233146667,
        0.11125000566244125,
        0.1420254111289978,
        0.16196772456169128,
        0.18120093643665314,
        0.20962238311767578,
        0.2439657300710678,
        0.27988070249557495,
        0.31293100118637085,
        0.3424498438835144,
        0.370158851146698,
        0.394218772649765,
        0.4103572368621826,
        0.4219491183757782,
        0.43276989459991455,
        0.440099835395813,
        0.4449249505996704,
        0.4518287479877472,
        0.46754974126815796,
        0.4847336411476135,
        0.49992138147354126,
        0.5139181613922119,
        0.5210723876953125,
        0.5227876305580139,
        0.5207052826881409,
        0.5210623741149902,
        0.5249033570289612,
        0.5302180647850037,
        0.5401929616928101,
        0.5525978207588196,
        0.5611217617988586,
        0.5668540596961975,
        0.5711349844932556,
        0.5732758641242981,
        0.5776612758636475,
        0.582650363445282,
        0.5868172645568848,
        0.5925328731536865,
        0.5986711382865906,
        0.604737401008606,
        0.6077763438224792,
        0.6140019297599792,
        0.6205230951309204
    ],
    "loss": [
        0.09608661755919456,
        0.09304036945104599,
        0.08688367530703545,
        0.08420268073678017,
        0.08315161988139153,
        0.07978646084666252,
        0.07742595300078392,
        0.0731530599296093,
        0.0720372386276722,
        0.06867171451449394,
        0.06832243502140045,
        0.061840351670980453,
        0.05945451185107231,
        0.05528147518634796,
        0.05189771018922329,
        0.04840308800339699,
        0.044973794370889664,
        0.04087900556623936,
        0.03713861107826233,
        0.03356514126062393,
        0.029848802834749222,
        0.028984781354665756,
        0.02494208700954914,
        0.02372556831687689,
        0.023077172227203846,
        0.02225077897310257,
        0.021364538930356503,
        0.02219165675342083,
        0.02077487390488386,
        0.020636694505810738,
        0.02036625426262617,
        0.019653168506920338,
        0.019288144074380398,
        0.020432080142199993,
        0.018646448850631714,
        0.01846171449869871,
        0.01804502308368683,
        0.017368524335324764,
        0.01794429123401642,
        0.016797248274087906,
        0.017466160468757153,
        0.01760708913207054,
        0.01709124445915222,
        0.0165925407782197,
        0.01576397055760026,
        0.015864912420511246,
        0.015687802340835333,
        0.01509632682427764,
        0.014365621842443943,
        0.014168581925332546
    ]
}