{
    "rmse": [
        0.26248443126678467,
        0.2522726356983185,
        0.24319039285182953,
        0.23481348156929016,
        0.22700855135917664,
        0.22034211456775665,
        0.21452514827251434,
        0.20842987298965454,
        0.20120705664157867,
        0.19291174411773682,
        0.18330110609531403,
        0.1733912229537964,
        0.16337037086486816,
        0.15372341871261597,
        0.14561957120895386,
        0.13903576135635376,
        0.13412117958068848,
        0.1316731721162796,
        0.12991537153720856,
        0.1286565214395523,
        0.12758545577526093,
        0.12612038850784302,
        0.12433711439371109,
        0.12259059399366379,
        0.1211584284901619,
        0.11971644312143326,
        0.11851101368665695,
        0.11723126471042633,
        0.11598952859640121,
        0.11430316418409348,
        0.11292287707328796,
        0.11150974780321121,
        0.1098456159234047,
        0.10826294869184494,
        0.10679174959659576,
        0.10517371445894241,
        0.10349791496992111,
        0.10201635956764221,
        0.10052654147148132,
        0.09921566396951675,
        0.09790249913930893,
        0.09709583222866058,
        0.09627459198236465,
        0.09542348235845566,
        0.09465339034795761,
        0.09438160061836243,
        0.09406617283821106,
        0.0931246429681778,
        0.0924699530005455,
        0.09178048372268677
    ],
    "mae": [
        0.21667376160621643,
        0.2066950500011444,
        0.19818274676799774,
        0.19072973728179932,
        0.18407286703586578,
        0.17862845957279205,
        0.1734822541475296,
        0.16798493266105652,
        0.16166085004806519,
        0.15421730279922485,
        0.14601491391658783,
        0.13790373504161835,
        0.12959182262420654,
        0.12123940885066986,
        0.11435980349779129,
        0.10836725682020187,
        0.10349766910076141,
        0.1007378101348877,
        0.09843948483467102,
        0.0967998132109642,
        0.09562303870916367,
        0.09429963678121567,
        0.09301020205020905,
        0.09142735600471497,
        0.09062407165765762,
        0.08964110910892487,
        0.08831073343753815,
        0.08774903416633606,
        0.08677788823843002,
        0.08514469861984253,
        0.0839155912399292,
        0.08259275555610657,
        0.08143120259046555,
        0.08002932369709015,
        0.07870418578386307,
        0.07751815766096115,
        0.07663155347108841,
        0.07495670765638351,
        0.07388935983181,
        0.07259076088666916,
        0.0716395452618599,
        0.07104998081922531,
        0.06994721293449402,
        0.06973791122436523,
        0.06888547539710999,
        0.06861322373151779,
        0.06859639286994934,
        0.06786809116601944,
        0.06721445173025131,
        0.06653788685798645
    ],
    "r2": [
        -0.8862112164497375,
        -0.5711913704872131,
        -0.31705307960510254,
        -0.1225583553314209,
        0.017212893813848495,
        0.09985435009002686,
        0.1460234373807907,
        0.1801014542579651,
        0.2213878631591797,
        0.27252787351608276,
        0.3227039873600006,
        0.3639103174209595,
        0.3958829641342163,
        0.42130938172340393,
        0.4324857294559479,
        0.44561153650283813,
        0.46345192193984985,
        0.4822664260864258,
        0.5028618574142456,
        0.5170342326164246,
        0.5202691555023193,
        0.5221233367919922,
        0.5292074084281921,
        0.5412130951881409,
        0.5534474849700928,
        0.5643405914306641,
        0.572700560092926,
        0.57826167345047,
        0.5846803188323975,
        0.5932036638259888,
        0.6017453670501709,
        0.6098799705505371,
        0.6179819107055664,
        0.6262311339378357,
        0.6340627074241638,
        0.6428399085998535,
        0.6513226628303528,
        0.6582470536231995,
        0.666102945804596,
        0.6730496883392334,
        0.6799803972244263,
        0.6847719550132751,
        0.6888026595115662,
        0.6928996443748474,
        0.6970044374465942,
        0.6997827291488647,
        0.7007303237915039,
        0.7046902179718018,
        0.7087989449501038,
        0.7111119031906128
    ],
    "loss": [
        0.09469705323378245,
        0.0887509286403656,
        0.08455410599708557,
        0.08125854780276616,
        0.0761393407980601,
        0.07262481500705083,
        0.06942412257194519,
        0.06422816713651021,
        0.05953052143255869,
        0.05361602703730265,
        0.04774342104792595,
        0.041546788066625595,
        0.036489591002464294,
        0.03137318231165409,
        0.027204252158602078,
        0.024522966394821804,
        0.022741451859474182,
        0.02164453702668349,
        0.021260079617301624,
        0.020817825570702553,
        0.020608286062876385,
        0.020045381660262745,
        0.019292644535501797,
        0.018651417767008144,
        0.018337590619921684,
        0.018004019434253376,
        0.01747204177081585,
        0.017009588579336803,
        0.016741110011935234,
        0.016182046694060166,
        0.015709623073538143,
        0.015217561895648638,
        0.014734246768057346,
        0.014452228943506876,
        0.013882391465206942,
        0.013301066122949123,
        0.01326582363496224,
        0.012626929519077143,
        0.01221866812556982,
        0.011858011285463968,
        0.011563007409373919,
        0.011402582749724388,
        0.011101443320512772,
        0.010914227304359278,
        0.010746409806112448,
        0.010818727624913057,
        0.010731797975798449,
        0.01039270032197237,
        0.010360989719629288,
        0.010139614964524904
    ]
}