{
    "rmse": [
        0.0051553514786064625,
        0.004890070296823978,
        0.004869532771408558,
        0.004786488134413958,
        0.004743677563965321
    ],
    "mae": [
        0.00388890877366066,
        0.003653476247563958,
        0.00365361082367599,
        0.003583486657589674,
        0.0035472677554935217
    ],
    "r2": [
        0.9970675706863403,
        0.9971238374710083,
        0.9972133636474609,
        0.9972913265228271,
        0.9973151683807373
    ],
    "loss": [
        2.9925910031381183e-05,
        2.634342562930378e-05,
        2.616055689552604e-05,
        2.5185941490818572e-05,
        2.4653665642313756e-05
    ]
}