{
    "rmse": [
        0.003858801443129778,
        0.0037620614748448133,
        0.00370303587988019,
        0.0037887203507125378,
        0.003839959390461445
    ],
    "mae": [
        0.002948460169136524,
        0.0028527495451271534,
        0.0028001521714031696,
        0.002878214931115508,
        0.002924792468547821
    ],
    "r2": [
        0.9983203411102295,
        0.998357355594635,
        0.9983404874801636,
        0.9983397722244263,
        0.9983314871788025
    ],
    "loss": [
        1.6408181625931403e-05,
        1.54885603774875e-05,
        1.4872958637388647e-05,
        1.5742411257400987e-05,
        1.6262804900518033e-05
    ]
}