{
    "rmse": [
        0.09761355817317963,
        0.09304603934288025,
        0.09176741540431976,
        0.091141477227211,
        0.0908462256193161,
        0.09065872430801392,
        0.09048889577388763,
        0.09044210612773895,
        0.0903158038854599,
        0.0902288556098938,
        0.09016917645931244,
        0.09011021256446838,
        0.09006737172603607,
        0.09004528820514679,
        0.08998633176088333,
        0.08997519314289093,
        0.08992426097393036,
        0.08988508582115173,
        0.08988837897777557,
        0.08985962718725204,
        0.08982566744089127,
        0.08981451392173767,
        0.08979052305221558,
        0.08974501490592957,
        0.08973021805286407,
        0.08972509205341339,
        0.0897185206413269,
        0.08970008790493011,
        0.08966510742902756,
        0.08967562019824982,
        0.08964627981185913,
        0.08963204175233841,
        0.0896528959274292,
        0.08962465822696686,
        0.0896201878786087,
        0.08962961286306381,
        0.08961547911167145,
        0.08960124850273132,
        0.08957701921463013,
        0.08958496153354645
    ],
    "mae": [
        0.07738178968429565,
        0.07413099706172943,
        0.07313543558120728,
        0.07267359644174576,
        0.07242587953805923,
        0.07229138910770416,
        0.07219363749027252,
        0.07212445884943008,
        0.07204417139291763,
        0.07198551297187805,
        0.07194679975509644,
        0.07188737392425537,
        0.07186408340930939,
        0.07186274230480194,
        0.07179616391658783,
        0.07177931070327759,
        0.07176193594932556,
        0.07175469398498535,
        0.07171374559402466,
        0.07170075923204422,
        0.07169944047927856,
        0.071680948138237,
        0.07165853679180145,
        0.07162671536207199,
        0.07161912322044373,
        0.07160766422748566,
        0.07161575555801392,
        0.07159816473722458,
        0.07157566398382187,
        0.07157362997531891,
        0.07155247032642365,
        0.07154597342014313,
        0.07156871259212494,
        0.07155880331993103,
        0.07154165208339691,
        0.07155074179172516,
        0.07153165340423584,
        0.07152238488197327,
        0.07150131464004517,
        0.07151168584823608
    ],
    "r2": [
        0.4408467710018158,
        0.49191173911094666,
        0.5057803392410278,
        0.5124589204788208,
        0.5155519247055054,
        0.5175505876541138,
        0.5193449258804321,
        0.5198338627815247,
        0.5211721062660217,
        0.5220781564712524,
        0.5227002501487732,
        0.5233269929885864,
        0.5237671136856079,
        0.52402663230896,
        0.524629533290863,
        0.5247527360916138,
        0.5252797603607178,
        0.5257124900817871,
        0.5256688594818115,
        0.525947630405426,
        0.5263413190841675,
        0.5264592170715332,
        0.5266941785812378,
        0.5271897315979004,
        0.5273343920707703,
        0.5274004936218262,
        0.5274500846862793,
        0.5276387929916382,
        0.5280138850212097,
        0.5279192924499512,
        0.5282257795333862,
        0.5283482074737549,
        0.5281330347061157,
        0.5284520387649536,
        0.5284950137138367,
        0.5283710956573486,
        0.5285285711288452,
        0.5286848545074463,
        0.5289394855499268,
        0.5288676023483276
    ],
    "loss": [
        0.009530947272832513,
        0.008659746513195699,
        0.008423583491023002,
        0.008308809777346441,
        0.008255042692354846,
        0.00822082878041738,
        0.008190244693872051,
        0.008181445600121292,
        0.008158886072158263,
        0.008142895297163341,
        0.00813224866162406,
        0.008121715574660678,
        0.008113785326495511,
        0.008110052751756804,
        0.008099056713541565,
        0.008097145613244603,
        0.008087902128109618,
        0.008080969452181916,
        0.008081568007423491,
        0.008076414171555897,
        0.008070532766471024,
        0.00806829129952122,
        0.008063807975058747,
        0.008055855943924398,
        0.008053517431744645,
        0.008052438277186522,
        0.008051161357071533,
        0.00804777644929444,
        0.00804153962337873,
        0.008043381188371848,
        0.008038048068481069,
        0.008035620328884937,
        0.00803913153732418,
        0.008034285713110816,
        0.008033391005656067,
        0.008035137508119683,
        0.008032615166227303,
        0.008030055269399209,
        0.008025497241103387,
        0.008027080854669712
    ]
}