{
    "rmse": [
        0.09833723306655884,
        0.09346149116754532,
        0.09190492331981659,
        0.09080423414707184,
        0.09014035761356354,
        0.08975762128829956,
        0.08947435021400452,
        0.08925612270832062,
        0.08911246061325073,
        0.08901187777519226,
        0.08892039954662323,
        0.08883669972419739,
        0.08879944682121277,
        0.08875555545091629,
        0.08872770518064499,
        0.08870810270309448,
        0.08861111849546432,
        0.0885789692401886,
        0.08856691420078278,
        0.08854001760482788,
        0.08855228126049042,
        0.088492751121521,
        0.08850087225437164,
        0.0884324461221695,
        0.08846694231033325,
        0.0884128287434578,
        0.08839993178844452,
        0.08841501176357269,
        0.08840272575616837,
        0.08836857974529266,
        0.08838322013616562,
        0.08834081888198853,
        0.08834079653024673,
        0.08833511173725128,
        0.08831353485584259,
        0.08830706775188446,
        0.08830748498439789,
        0.08829915523529053,
        0.0882631316781044,
        0.08825929462909698
    ],
    "mae": [
        0.07777954638004303,
        0.07449525594711304,
        0.07333198189735413,
        0.07246746122837067,
        0.07195763289928436,
        0.07167832553386688,
        0.0714169517159462,
        0.07125683128833771,
        0.071158766746521,
        0.07106482237577438,
        0.07101227343082428,
        0.07095085084438324,
        0.07091953605413437,
        0.0708572119474411,
        0.07086801528930664,
        0.07083621621131897,
        0.070766881108284,
        0.07074742019176483,
        0.07073695212602615,
        0.07073375582695007,
        0.07072669267654419,
        0.07068832218647003,
        0.07069055736064911,
        0.07062999904155731,
        0.07066304236650467,
        0.07061565667390823,
        0.07060494273900986,
        0.07062357664108276,
        0.0705961361527443,
        0.070557601749897,
        0.0705992579460144,
        0.07055480033159256,
        0.07053150236606598,
        0.07055149972438812,
        0.07054226100444794,
        0.0705253854393959,
        0.07051922380924225,
        0.07051926106214523,
        0.07048564404249191,
        0.07049024105072021
    ],
    "r2": [
        0.35778647661209106,
        0.417998343706131,
        0.43676456809043884,
        0.45009103417396545,
        0.4579581618309021,
        0.4624401032924652,
        0.46578171849250793,
        0.46837666630744934,
        0.4700537621974945,
        0.47117283940315247,
        0.4722590148448944,
        0.47327107191085815,
        0.47369584441185,
        0.4741935729980469,
        0.4745318293571472,
        0.4747307598590851,
        0.4759589433670044,
        0.47629716992378235,
        0.47646793723106384,
        0.47672197222709656,
        0.4766547679901123,
        0.4772827923297882,
        0.4772227108478546,
        0.47803300619125366,
        0.47762051224708557,
        0.478228896856308,
        0.47835877537727356,
        0.4781867563724518,
        0.4783734679222107,
        0.4787253439426422,
        0.478580504655838,
        0.479086309671402,
        0.4791114032268524,
        0.47910934686660767,
        0.47941064834594727,
        0.4794442057609558,
        0.47946012020111084,
        0.4795677065849304,
        0.47995930910110474,
        0.4800485074520111
    ],
    "loss": [
        0.009680236923344597,
        0.008738182259948699,
        0.008448578045795579,
        0.008248371704849978,
        0.008126896567601752,
        0.008058397070719646,
        0.008007854511347282,
        0.007967179903126025,
        0.00794210896550954,
        0.007924694964754304,
        0.007910982473077928,
        0.007893567607779015,
        0.007887686281925538,
        0.007879817146541818,
        0.007873779677038829,
        0.007872925707456338,
        0.007853928140548805,
        0.00784780475858517,
        0.0078459762154495,
        0.007841046244561016,
        0.00784492211360075,
        0.0078341347254956,
        0.007833076077564569,
        0.007820712810044515,
        0.00782720241746814,
        0.00781760641864941,
        0.007816841083343375,
        0.007818339084745845,
        0.007815674029720518,
        0.007810610855141511,
        0.007812771939283626,
        0.007804218258780356,
        0.007806484896822699,
        0.007803965513440934,
        0.007801552796941046,
        0.007799208028866285,
        0.007800354617187283,
        0.007796395278489729,
        0.007791898509866179,
        0.007791969809005712
    ]
}