{
    "rmse": [
        0.0043631247244775295,
        0.00445193238556385,
        0.004354496486485004,
        0.004308598581701517,
        0.00429367134347558
    ],
    "mae": [
        0.0033223906066268682,
        0.003383420640602708,
        0.0033004069700837135,
        0.0032631189096719027,
        0.003255498828366399
    ],
    "r2": [
        0.997823178768158,
        0.9978103637695312,
        0.9978764057159424,
        0.9979226589202881,
        0.9979400634765625
    ],
    "loss": [
        2.0676612071246232e-05,
        2.1763470253655363e-05,
        2.07917713174369e-05,
        2.0361559579616243e-05,
        2.0216993953210984e-05
    ]
}