{
    "rmse": [
        0.2101624608039856,
        0.1419837772846222,
        0.1255912482738495,
        0.10823413729667664,
        0.09971421957015991,
        0.09679177403450012,
        0.09118904173374176,
        0.08741488307714462,
        0.08529328554868698,
        0.08557861298322678,
        0.08443193882703781,
        0.08487614244222641,
        0.08433879911899567,
        0.08311721682548523,
        0.08381080627441406,
        0.08257736265659332,
        0.08431994169950485,
        0.0827808529138565,
        0.08272909373044968,
        0.08221235126256943,
        0.08099206537008286,
        0.0811859741806984,
        0.08070600032806396,
        0.08081081509590149,
        0.08130243420600891,
        0.08101189136505127,
        0.08089098334312439,
        0.08057587593793869,
        0.07956624776124954,
        0.0803745687007904,
        0.07759550213813782,
        0.07827005535364151,
        0.0786893293261528,
        0.07738818228244781,
        0.07626082003116608,
        0.07696333527565002,
        0.07686566561460495,
        0.0827961266040802,
        0.08174523711204529,
        0.07784062623977661,
        0.07684602588415146,
        0.07581247389316559,
        0.07676368951797485,
        0.07596030831336975,
        0.07512782514095306,
        0.07504358887672424,
        0.07536796480417252,
        0.07483062148094177,
        0.07382093369960785,
        0.07474279403686523
    ],
    "mae": [
        0.16544198989868164,
        0.10918387025594711,
        0.09494736790657043,
        0.08052348345518112,
        0.0739215612411499,
        0.07160791009664536,
        0.06695333123207092,
        0.06360453367233276,
        0.06111176684498787,
        0.06090134382247925,
        0.06011726334691048,
        0.0608772374689579,
        0.060154274106025696,
        0.05845334753394127,
        0.059685513377189636,
        0.058790452778339386,
        0.060052674263715744,
        0.05876024439930916,
        0.059515006840229034,
        0.05838805437088013,
        0.056913621723651886,
        0.056398291140794754,
        0.05713405832648277,
        0.056153926998376846,
        0.05750639736652374,
        0.057313039898872375,
        0.05724493786692619,
        0.056590959429740906,
        0.05606674402952194,
        0.05625861883163452,
        0.0534185990691185,
        0.05432958900928497,
        0.054164282977581024,
        0.053453605622053146,
        0.05257328599691391,
        0.053388603031635284,
        0.053309034556150436,
        0.05985677242279053,
        0.05827144905924797,
        0.0545775443315506,
        0.05284898355603218,
        0.05202578380703926,
        0.05384477972984314,
        0.05180532485246658,
        0.05167854204773903,
        0.0517563633620739,
        0.05148420110344887,
        0.05179310590028763,
        0.05072307959198952,
        0.05072873458266258
    ],
    "r2": [
        0.0034079020842909813,
        0.38327428698539734,
        0.4743809700012207,
        0.6168737411499023,
        0.6692878603935242,
        0.6885679364204407,
        0.6992443203926086,
        0.7212755084037781,
        0.7412808537483215,
        0.7454115152359009,
        0.7445820569992065,
        0.7471017241477966,
        0.7429265975952148,
        0.7527161240577698,
        0.7559501528739929,
        0.757222592830658,
        0.7528359293937683,
        0.7571135759353638,
        0.7620555758476257,
        0.7696828842163086,
        0.7731560468673706,
        0.768917977809906,
        0.7733655571937561,
        0.7595360279083252,
        0.769196093082428,
        0.7765258550643921,
        0.7726554870605469,
        0.77488774061203,
        0.7825785279273987,
        0.7794996500015259,
        0.7882111072540283,
        0.7882281541824341,
        0.7784994840621948,
        0.7823755741119385,
        0.7945424318313599,
        0.794316291809082,
        0.787714958190918,
        0.778712272644043,
        0.7752058506011963,
        0.7933007478713989,
        0.7962782382965088,
        0.8007724285125732,
        0.8001845479011536,
        0.7977075576782227,
        0.7984684109687805,
        0.8040290474891663,
        0.8081247806549072,
        0.807840883731842,
        0.8077471852302551,
        0.8080586194992065
    ],
    "loss": [
        0.06126589090986685,
        0.024857438423416832,
        0.019034096209163017,
        0.014188044027171352,
        0.012011053463952108,
        0.011416296982629732,
        0.00990178914402019,
        0.009155023970048536,
        0.008713833564384417,
        0.008846437262201851,
        0.008582335304130207,
        0.008680227127942171,
        0.008579570207406174,
        0.008298196956853975,
        0.008495516651733355,
        0.008257005998695438,
        0.00862505803392692,
        0.008316385136409239,
        0.00826300143010237,
        0.008225190622562712,
        0.007960192605175755,
        0.007997926028276032,
        0.007904723879288544,
        0.007924667390232737,
        0.00795558395541527,
        0.008046371015635405,
        0.007921862500635061,
        0.007957725870338354,
        0.007727208420295607,
        0.007884685204110363,
        0.007333594543690031,
        0.007393369535830888,
        0.007437782235104929,
        0.007213520563461564,
        0.007122542074119503,
        0.007192592094229026,
        0.007182433904910629,
        0.008511397013948723,
        0.008198693436993794,
        0.007404187609526244,
        0.007183752276680686,
        0.006994175894016569,
        0.007204452614215287,
        0.007005146154287187,
        0.006865192966705019,
        0.006879102989015254,
        0.007044640623710372,
        0.006862694905562835,
        0.006617250132628463,
        0.006977548780427737
    ]
}