{
    "rmse": [
        0.25008949637413025,
        0.2233281433582306,
        0.20082008838653564,
        0.17028303444385529,
        0.14375151693820953,
        0.13034673035144806,
        0.12688688933849335,
        0.1229848712682724,
        0.11893948912620544,
        0.11539141088724136,
        0.11233720183372498,
        0.10762295871973038,
        0.10402242839336395,
        0.10061535984277725,
        0.09802136570215225,
        0.09515108168125153,
        0.09428085386753082,
        0.0931125208735466,
        0.09187675267457962,
        0.09071311354637146,
        0.08933672308921814,
        0.08849063515663147,
        0.08790978044271469,
        0.087259441614151,
        0.08622460067272186,
        0.0857149213552475,
        0.0858340859413147,
        0.08531632274389267,
        0.08514764904975891,
        0.08471675962209702,
        0.08436613529920578,
        0.08484654873609543,
        0.08496629446744919,
        0.08389942348003387,
        0.08382225781679153,
        0.083014577627182,
        0.08339030295610428,
        0.08274582773447037,
        0.08266162872314453,
        0.08281877636909485,
        0.08236989378929138,
        0.08222045749425888,
        0.08142200857400894,
        0.08244437724351883,
        0.0825144350528717,
        0.0826852098107338,
        0.08264906704425812,
        0.0809118002653122,
        0.0807073637843132,
        0.08122815936803818
    ],
    "mae": [
        0.20463213324546814,
        0.18079613149166107,
        0.16083326935768127,
        0.13481217622756958,
        0.1119857132434845,
        0.0993688702583313,
        0.09557340294122696,
        0.09221184253692627,
        0.08884432166814804,
        0.08614111691713333,
        0.08407723903656006,
        0.07968112826347351,
        0.07748803496360779,
        0.07396554201841354,
        0.07217041403055191,
        0.06950588524341583,
        0.0686885416507721,
        0.06808190047740936,
        0.06724128127098083,
        0.06573472917079926,
        0.06452230364084244,
        0.06391331553459167,
        0.06331723928451538,
        0.06309042125940323,
        0.06149987503886223,
        0.06125422194600105,
        0.06146940961480141,
        0.060928575694561005,
        0.060801371932029724,
        0.06012807786464691,
        0.05977596342563629,
        0.060318853706121445,
        0.06077555939555168,
        0.059304554015398026,
        0.05928059294819832,
        0.05886291712522507,
        0.058373477309942245,
        0.058638494461774826,
        0.05805977061390877,
        0.05805765092372894,
        0.05822000280022621,
        0.057749442756175995,
        0.05733152851462364,
        0.05868389084935188,
        0.05841624736785889,
        0.05828121677041054,
        0.059537097811698914,
        0.056488826870918274,
        0.0561976358294487,
        0.05738786235451698
    ],
    "r2": [
        -0.4994529187679291,
        0.05686567723751068,
        0.23061653971672058,
        0.37081557512283325,
        0.4317413866519928,
        0.49971166253089905,
        0.5239386558532715,
        0.5498140454292297,
        0.572930097579956,
        0.591063916683197,
        0.6131693124771118,
        0.6369598507881165,
        0.6555935144424438,
        0.6704204678535461,
        0.6827265024185181,
        0.6960771679878235,
        0.7044909000396729,
        0.7101536989212036,
        0.7124888896942139,
        0.7223976254463196,
        0.729651689529419,
        0.732562780380249,
        0.7350319623947144,
        0.7364639639854431,
        0.7404704093933105,
        0.743303120136261,
        0.7434232234954834,
        0.745230495929718,
        0.7457794547080994,
        0.7468662261962891,
        0.7495687007904053,
        0.7491633892059326,
        0.7461291551589966,
        0.7495992183685303,
        0.7501018047332764,
        0.7558537721633911,
        0.7518458366394043,
        0.756766140460968,
        0.758230447769165,
        0.7578263878822327,
        0.7604303956031799,
        0.7592592239379883,
        0.763664960861206,
        0.7604108452796936,
        0.7599362730979919,
        0.7562963962554932,
        0.75824373960495,
        0.7644150853157043,
        0.7668158411979675,
        0.7665208578109741
    ],
    "loss": [
        0.0882000367749821,
        0.07441257380626419,
        0.059142838824879036,
        0.04006139256737449,
        0.026462720537727528,
        0.02144238945435394,
        0.020219709216193718,
        0.01898563670163805,
        0.017570421014997093,
        0.016471814618191936,
        0.01556452236730944,
        0.014206198044121265,
        0.013229591856625948,
        0.012332509949126026,
        0.011598857035013762,
        0.0108948340639472,
        0.01075624759224328,
        0.010482807643711567,
        0.010135897350582209,
        0.009931398555636406,
        0.009623518001965502,
        0.009554908187551931,
        0.009379312650046566,
        0.009175672322850336,
        0.008942829445004463,
        0.008860629221255129,
        0.00883177998052402,
        0.008766183333302086,
        0.008747224992310459,
        0.00867637466977943,
        0.008585692806677385,
        0.008686138401654634,
        0.008700173263522711,
        0.008453934665092012,
        0.00843957108868794,
        0.00828832108527422,
        0.00837019162083214,
        0.008198819546536966,
        0.008178082802756266,
        0.008282334078103304,
        0.008229765660044823,
        0.008202475283972242,
        0.00795112435959957,
        0.008171287195926363,
        0.008208481129258871,
        0.008238270328464832,
        0.008216928944668987,
        0.007829592563211918,
        0.007790664168582721,
        0.007925145920704712
    ]
}