{
    "rmse": [
        0.09715315699577332,
        0.09291186928749084,
        0.0911201611161232,
        0.09022992849349976,
        0.08980493992567062,
        0.08954156190156937,
        0.08941978961229324,
        0.0892762616276741,
        0.08914428949356079,
        0.08907301723957062,
        0.08900028467178345,
        0.08894748985767365,
        0.08892799913883209,
        0.08889037370681763,
        0.08883437514305115,
        0.08883432298898697,
        0.08877400308847427,
        0.08873660862445831,
        0.08873097598552704,
        0.08870266377925873,
        0.08868999779224396,
        0.08867053687572479,
        0.08866095542907715,
        0.08862695097923279,
        0.08863689005374908,
        0.08860193192958832,
        0.08858485519886017,
        0.0886048674583435,
        0.08857572078704834,
        0.08857995271682739,
        0.08855034410953522,
        0.08852911740541458,
        0.08850917220115662,
        0.0885336771607399,
        0.08850205689668655,
        0.08851367980241776,
        0.0885167270898819,
        0.08850325644016266,
        0.08846881985664368,
        0.08846759051084518
    ],
    "mae": [
        0.07703448832035065,
        0.0740891695022583,
        0.07271114736795425,
        0.07202550768852234,
        0.07167667150497437,
        0.07147669047117233,
        0.07137233018875122,
        0.07128694653511047,
        0.0711880624294281,
        0.0711154043674469,
        0.07106377184391022,
        0.07103419303894043,
        0.07101626694202423,
        0.07097788900136948,
        0.07094912230968475,
        0.07094086706638336,
        0.0708712786436081,
        0.07087412476539612,
        0.07085016369819641,
        0.07085318118333817,
        0.07084400951862335,
        0.07081878185272217,
        0.07081478089094162,
        0.07079216837882996,
        0.07077208161354065,
        0.07075011730194092,
        0.07075880467891693,
        0.07077213376760483,
        0.0707450658082962,
        0.0707225352525711,
        0.07072831690311432,
        0.07070820033550262,
        0.07066561281681061,
        0.07070298492908478,
        0.07069936394691467,
        0.07068727910518646,
        0.07068666815757751,
        0.0707046389579773,
        0.07066206634044647,
        0.0706602931022644
    ],
    "r2": [
        0.37241750955581665,
        0.42460647225379944,
        0.44637227058410645,
        0.4570101201534271,
        0.46191275119781494,
        0.46505284309387207,
        0.46649134159088135,
        0.46815225481987,
        0.469699501991272,
        0.470483660697937,
        0.47134658694267273,
        0.47199633717536926,
        0.4721662700176239,
        0.4725838303565979,
        0.473267525434494,
        0.473262757062912,
        0.4740082621574402,
        0.4744182825088501,
        0.4745613932609558,
        0.4747970700263977,
        0.4749435484409332,
        0.47521886229515076,
        0.47530847787857056,
        0.47573229670524597,
        0.4755707085132599,
        0.4760191738605499,
        0.47619757056236267,
        0.4759279489517212,
        0.47625482082366943,
        0.4762325584888458,
        0.47661831974983215,
        0.47684845328330994,
        0.47708746790885925,
        0.4767635762691498,
        0.4772227108478546,
        0.4770469069480896,
        0.4769781827926636,
        0.477193146944046,
        0.4775419533252716,
        0.4775957763195038
    ],
    "loss": [
        0.009445819578139409,
        0.008635405528605575,
        0.00830528549169218,
        0.008143889205901382,
        0.00806680655884412,
        0.008019701801788131,
        0.007998019295628662,
        0.00797152681023857,
        0.007948157407868552,
        0.007935759965632358,
        0.007923695707310316,
        0.007913271186340474,
        0.007910103356329032,
        0.007903342099292662,
        0.007892976588574444,
        0.007893978109300202,
        0.00788257106054522,
        0.007875752974021079,
        0.007875048523826622,
        0.007869855286673789,
        0.00786827146616954,
        0.007864903430980365,
        0.007862060725833278,
        0.007855708653137485,
        0.007857631602767045,
        0.007851640335671905,
        0.00784918085402469,
        0.007852207434085469,
        0.00784671816124685,
        0.007847937233833067,
        0.007842529450823978,
        0.007838374304355591,
        0.007835884278194325,
        0.007839467537449378,
        0.007834550851531681,
        0.007836146318686675,
        0.007836890582857215,
        0.007833686363316435,
        0.007828168954887572,
        0.007828452372803206
    ]
}