{
    "rmse": [
        0.0014087468152865767,
        0.0014166547916829586,
        0.0014298501191660762,
        0.001438632607460022,
        0.0014264601049944758
    ],
    "mae": [
        0.001067155273631215,
        0.0010720472782850266,
        0.0010820494499057531,
        0.001081173773854971,
        0.0010758733842521906
    ],
    "r2": [
        0.9997893571853638,
        0.9997870326042175,
        0.9997804164886475,
        0.9997842311859131,
        0.9997885823249817
    ],
    "loss": [
        2.21291409023641e-06,
        2.2444898626204094e-06,
        2.2895546898595427e-06,
        2.3409122950913107e-06,
        2.302778056447548e-06
    ]
}