{
    "rmse": [
        0.2339574694633484,
        0.17424625158309937,
        0.14207220077514648,
        0.13263465464115143,
        0.121156707406044,
        0.10944133251905441,
        0.09959694743156433,
        0.09699396789073944,
        0.09477467834949493,
        0.09219858050346375,
        0.09046149998903275,
        0.09003361314535141,
        0.0873001217842102,
        0.08603522181510925,
        0.08443789929151535,
        0.08321221172809601,
        0.08302489668130875,
        0.08237031102180481,
        0.08461442589759827,
        0.08659730851650238,
        0.08504265546798706,
        0.0831785649061203,
        0.0822308212518692,
        0.08079659938812256,
        0.07969716191291809,
        0.07953185588121414,
        0.08122521638870239,
        0.08112139254808426,
        0.08273541927337646,
        0.08345169574022293,
        0.08507341891527176,
        0.08316180109977722,
        0.07964678853750229,
        0.07842986285686493,
        0.07892654091119766,
        0.0798758715391159,
        0.07924255728721619,
        0.07849106937646866,
        0.07752123475074768,
        0.077787384390831,
        0.07669677585363388,
        0.07654387503862381,
        0.07661335915327072,
        0.0753871351480484,
        0.07653914391994476,
        0.07665415108203888,
        0.07573298364877701,
        0.07518274337053299,
        0.07666847854852676,
        0.07606182992458344
    ],
    "mae": [
        0.18828752636909485,
        0.13856415450572968,
        0.10919639468193054,
        0.10031827539205551,
        0.09105990082025528,
        0.082448311150074,
        0.07374745607376099,
        0.07084393501281738,
        0.06950816512107849,
        0.06799186766147614,
        0.06634756922721863,
        0.06588151305913925,
        0.06353962421417236,
        0.06135953962802887,
        0.06050373986363411,
        0.0582708865404129,
        0.059240009635686874,
        0.05784935504198074,
        0.0602041631937027,
        0.06294655799865723,
        0.06054049730300903,
        0.060349006205797195,
        0.05782582238316536,
        0.05713396519422531,
        0.05549778789281845,
        0.05552124232053757,
        0.05746755376458168,
        0.05657630413770676,
        0.05995933338999748,
        0.05951216444373131,
        0.06084074079990387,
        0.06030755490064621,
        0.056138403713703156,
        0.0551673099398613,
        0.0547240674495697,
        0.055462729185819626,
        0.05575506389141083,
        0.05486763268709183,
        0.05363471060991287,
        0.05446802079677582,
        0.05320969596505165,
        0.052291736006736755,
        0.05205155536532402,
        0.05111505836248398,
        0.053757570683956146,
        0.052181556820869446,
        0.051756758242845535,
        0.05187022313475609,
        0.05403314530849457,
        0.05187152326107025
    ],
    "r2": [
        -0.22902162373065948,
        0.2784683108329773,
        0.39029183983802795,
        0.44985145330429077,
        0.527026891708374,
        0.6051064729690552,
        0.6698451042175293,
        0.6862667202949524,
        0.6960015892982483,
        0.7106553316116333,
        0.7239111661911011,
        0.706919252872467,
        0.725513219833374,
        0.7332600355148315,
        0.7398626208305359,
        0.749297559261322,
        0.7515013217926025,
        0.757883608341217,
        0.7379423379898071,
        0.7364621758460999,
        0.7490895390510559,
        0.7537868022918701,
        0.7605083584785461,
        0.7685703039169312,
        0.774165153503418,
        0.7753559947013855,
        0.7685768008232117,
        0.7789682745933533,
        0.7770837545394897,
        0.7685607671737671,
        0.765946626663208,
        0.7701466679573059,
        0.7840920686721802,
        0.7879053950309753,
        0.7867118716239929,
        0.7840129733085632,
        0.7826557755470276,
        0.7891662120819092,
        0.7944400310516357,
        0.7960270047187805,
        0.7971855998039246,
        0.7997695803642273,
        0.79573655128479,
        0.8035505414009094,
        0.7998002767562866,
        0.7935247421264648,
        0.7962380051612854,
        0.8012489676475525,
        0.8058419823646545,
        0.8025791049003601
    ],
    "loss": [
        0.07704568033417065,
        0.039016605354845524,
        0.02410131910194953,
        0.021191288717091084,
        0.01802453367660443,
        0.014281537073353926,
        0.011703861256440481,
        0.011144230607897043,
        0.010647462215274572,
        0.010271978564560413,
        0.010051727605362734,
        0.009688539508109292,
        0.009092047189672789,
        0.008710355032235384,
        0.008373838073263565,
        0.008854643752177557,
        0.008074199004719654,
        0.008063881968458494,
        0.008349835872650146,
        0.009503487342347702,
        0.008594621128092209,
        0.00823555172731479,
        0.008245124481618404,
        0.008086250629276037,
        0.007673774069796006,
        0.007434913190081716,
        0.007812365346277754,
        0.008270774114256104,
        0.008230311796069145,
        0.008391450702523192,
        0.008926013639817635,
        0.008718394363919893,
        0.00789396969291071,
        0.007650509166220824,
        0.007547144079580903,
        0.007704910123720765,
        0.007571165372307102,
        0.007386549220730861,
        0.007568190495173137,
        0.0072471690364181995,
        0.007304082314173381,
        0.006920712534338236,
        0.006873476862286528,
        0.0073560782087345915,
        0.006980531305695574,
        0.007111414413278301,
        0.006930832983925939,
        0.006884794138992826,
        0.007382308288166921,
        0.00691725950067242
    ]
}