{
    "rmse": [
        0.23013298213481903,
        0.17595797777175903,
        0.13516752421855927,
        0.11514682322740555,
        0.10429017245769501,
        0.09785328805446625,
        0.09425505250692368,
        0.0918133482336998,
        0.09109637886285782,
        0.0893668532371521,
        0.08821449428796768,
        0.08749478310346603,
        0.0872485488653183,
        0.08533266186714172,
        0.0856274664402008,
        0.08466649055480957,
        0.08448231965303421,
        0.08409731835126877,
        0.08449679613113403,
        0.08302206546068192,
        0.08205791562795639,
        0.08229649811983109,
        0.08193452656269073,
        0.08146869391202927,
        0.0809749886393547,
        0.08134493231773376,
        0.08085548877716064,
        0.07991358637809753,
        0.08033701777458191,
        0.07998581975698471,
        0.07998253405094147,
        0.07981682568788528,
        0.07974041998386383,
        0.07951236516237259,
        0.08030267059803009,
        0.08027626574039459,
        0.07998111844062805,
        0.0788663923740387,
        0.07832720875740051,
        0.0786052942276001,
        0.07829298079013824,
        0.07792188227176666,
        0.07832089811563492,
        0.0790080800652504,
        0.07929898053407669,
        0.07856288552284241,
        0.07804103940725327,
        0.07738391309976578,
        0.07735534012317657,
        0.07791495323181152
    ],
    "mae": [
        0.18377885222434998,
        0.14105740189552307,
        0.10597576200962067,
        0.08812014013528824,
        0.07733377069234848,
        0.07215850800275803,
        0.0686618760228157,
        0.06707551330327988,
        0.06642912328243256,
        0.06470008194446564,
        0.06378206610679626,
        0.06283382326364517,
        0.06330558657646179,
        0.06138577684760094,
        0.06129103899002075,
        0.06018568575382233,
        0.06058640778064728,
        0.05983537435531616,
        0.06052087992429733,
        0.05866038054227829,
        0.05783858522772789,
        0.05808677151799202,
        0.05763736739754677,
        0.05691473186016083,
        0.05729864537715912,
        0.05666125565767288,
        0.05723736062645912,
        0.0553058497607708,
        0.056610122323036194,
        0.05540421977639198,
        0.05578957498073578,
        0.05566750094294548,
        0.05589597672224045,
        0.05549294129014015,
        0.056824106723070145,
        0.056403882801532745,
        0.0561339408159256,
        0.05542342737317085,
        0.05377918481826782,
        0.054764121770858765,
        0.05464642867445946,
        0.05403284728527069,
        0.05381714180111885,
        0.055671803653240204,
        0.05507682263851166,
        0.05506590008735657,
        0.054118748754262924,
        0.053617432713508606,
        0.05365264043211937,
        0.05400129780173302
    ],
    "r2": [
        -0.1758309155702591,
        0.26411232352256775,
        0.45242559909820557,
        0.5578550696372986,
        0.6235888004302979,
        0.6466904282569885,
        0.6660701036453247,
        0.6905753016471863,
        0.6997425556182861,
        0.7193330526351929,
        0.7257434129714966,
        0.7346993684768677,
        0.7319188117980957,
        0.7442996501922607,
        0.7450820207595825,
        0.7455039024353027,
        0.7501851320266724,
        0.7455120086669922,
        0.7486491203308105,
        0.7562791705131531,
        0.7628797888755798,
        0.7598198056221008,
        0.7620210647583008,
        0.7662503719329834,
        0.7684056758880615,
        0.7679005861282349,
        0.7692519426345825,
        0.7751295566558838,
        0.7694060802459717,
        0.7671621441841125,
        0.7733225226402283,
        0.7736790180206299,
        0.773288905620575,
        0.769315779209137,
        0.7709702253341675,
        0.7750093936920166,
        0.774501621723175,
        0.785102367401123,
        0.7816445231437683,
        0.7814192771911621,
        0.7850943803787231,
        0.7824223637580872,
        0.7835649847984314,
        0.7831994891166687,
        0.7801956534385681,
        0.7776731252670288,
        0.7845267653465271,
        0.7877477407455444,
        0.7885634303092957,
        0.7923668622970581
    ],
    "loss": [
        0.07609398222782394,
        0.042719666084105316,
        0.022897100245410747,
        0.0161485050550916,
        0.013227184641767632,
        0.011442927558991041,
        0.010639161633496935,
        0.010060077702457254,
        0.009964372878047552,
        0.009612139864740047,
        0.009426399811424992,
        0.009256556249138985,
        0.009205416098914364,
        0.008834838316860523,
        0.008823086676949804,
        0.008643599650399252,
        0.00862709420140494,
        0.0084299918433482,
        0.008576869202608412,
        0.008334301666102627,
        0.0081042820926417,
        0.008152379442683676,
        0.00807022951035337,
        0.008088830985467543,
        0.00792607313699343,
        0.00801208886233243,
        0.007852016016840935,
        0.007681222463195974,
        0.007748056414791129,
        0.007693203843452714,
        0.007727714340117845,
        0.0076445606960491705,
        0.0076636025174097585,
        0.007712698837911541,
        0.007928670849651098,
        0.007900181946090677,
        0.007783137346533212,
        0.007535122631287033,
        0.007374694528566165,
        0.007440942932258953,
        0.0074126705188642845,
        0.007340173406357115,
        0.007408678827976639,
        0.007543001408604058,
        0.007586988747458567,
        0.007418012458153747,
        0.007374713832343166,
        0.007252410435202447,
        0.0072421608916060495,
        0.007371781478551301
    ]
}