{
    "rmse": [
        0.003170205745846033,
        0.0031750521156936884,
        0.0031619523651897907,
        0.0031622443348169327,
        0.003136716317385435
    ],
    "mae": [
        0.0024548738729208708,
        0.002455552574247122,
        0.0024407291784882545,
        0.002433511894196272,
        0.0024122835602611303
    ],
    "r2": [
        0.9988958835601807,
        0.9989132285118103,
        0.9989062547683716,
        0.9989039301872253,
        0.9988999962806702
    ],
    "loss": [
        1.1232732006242026e-05,
        1.1301790209472529e-05,
        1.117709588627576e-05,
        1.1196350238194504e-05,
        1.096297673009851e-05
    ]
}