{
    "rmse": [
        0.09892834722995758,
        0.09516283869743347,
        0.09404761344194412,
        0.09300846606492996,
        0.09224414080381393,
        0.09153810143470764,
        0.09106793999671936,
        0.0907166600227356,
        0.09050900489091873,
        0.09027329087257385,
        0.09017304331064224,
        0.09006071835756302,
        0.08989611268043518,
        0.08986714482307434,
        0.08969270437955856,
        0.08968189358711243,
        0.08956034481525421,
        0.08946183323860168,
        0.0893845409154892,
        0.08934873342514038,
        0.08927670121192932,
        0.08927176892757416,
        0.08919090032577515,
        0.08917245268821716,
        0.08909624814987183,
        0.08904825150966644,
        0.08898621797561646,
        0.08902181684970856,
        0.08895161747932434,
        0.08887435495853424,
        0.08887779712677002,
        0.08886609971523285,
        0.08877216279506683,
        0.08874489367008209,
        0.08870905637741089,
        0.0887041985988617,
        0.08872027695178986,
        0.08864343166351318,
        0.0886092334985733,
        0.0886210948228836,
        0.0885637179017067,
        0.08853361755609512,
        0.08851966261863708,
        0.08846330642700195,
        0.08845560997724533,
        0.08839955180883408,
        0.08837810158729553,
        0.08835989236831665,
        0.08831163495779037,
        0.08824436366558075
    ],
    "mae": [
        0.07818352431058884,
        0.0757380872964859,
        0.07492496073246002,
        0.07414762675762177,
        0.07353432476520538,
        0.07300439476966858,
        0.07260002195835114,
        0.07235784083604813,
        0.07218758761882782,
        0.07197032868862152,
        0.07194428890943527,
        0.07183822989463806,
        0.07172206789255142,
        0.07169453799724579,
        0.07156101614236832,
        0.0715273767709732,
        0.07144992053508759,
        0.07137946039438248,
        0.07134085893630981,
        0.07129991799592972,
        0.07124471664428711,
        0.07121922075748444,
        0.0711851641535759,
        0.07116758078336716,
        0.07111629098653793,
        0.07107284665107727,
        0.07102656364440918,
        0.07102890312671661,
        0.07098729908466339,
        0.07093149423599243,
        0.07093696296215057,
        0.0709117203950882,
        0.07085473835468292,
        0.07083834707736969,
        0.07079893350601196,
        0.07080380618572235,
        0.07080937176942825,
        0.070768803358078,
        0.07073722779750824,
        0.07072718441486359,
        0.07070108503103256,
        0.07066886872053146,
        0.07066099345684052,
        0.07061754167079926,
        0.0706004649400711,
        0.0705847442150116,
        0.07054969668388367,
        0.07054685056209564,
        0.07050512731075287,
        0.07045800983905792
    ],
    "r2": [
        0.4256308674812317,
        0.4682685434818268,
        0.48076048493385315,
        0.4921913146972656,
        0.5005369782447815,
        0.5081577301025391,
        0.5131844282150269,
        0.5169533491134644,
        0.5191688537597656,
        0.5216255187988281,
        0.5227042436599731,
        0.5238744020462036,
        0.525623619556427,
        0.5259158611297607,
        0.5277395248413086,
        0.5278977155685425,
        0.5291520357131958,
        0.5301840305328369,
        0.5309938192367554,
        0.5313523411750793,
        0.5321156978607178,
        0.5321624279022217,
        0.5329892635345459,
        0.5332044363021851,
        0.5339882969856262,
        0.5344896912574768,
        0.5351520776748657,
        0.5347873568534851,
        0.5355188846588135,
        0.5363126397132874,
        0.5362579822540283,
        0.5363956689834595,
        0.5373880863189697,
        0.5376503467559814,
        0.5380403995513916,
        0.5380473136901855,
        0.5379098653793335,
        0.5387155413627625,
        0.5390506386756897,
        0.538949191570282,
        0.539546012878418,
        0.5398612022399902,
        0.5399856567382812,
        0.540583610534668,
        0.5406812429428101,
        0.5412309765815735,
        0.5414583683013916,
        0.5416516065597534,
        0.5421575307846069,
        0.5428447723388672
    ],
    "loss": [
        0.009789549667980705,
        0.009057892483047855,
        0.008846883871635146,
        0.008652745556406391,
        0.008510960595447304,
        0.00838059192366721,
        0.008295214593485407,
        0.008231405428758868,
        0.008193676178965043,
        0.008151227644247971,
        0.008132930895419182,
        0.008112463964935958,
        0.008083815157747193,
        0.008077913065401792,
        0.008046415796370622,
        0.008044971244739985,
        0.00802317901073497,
        0.008005177653249918,
        0.007991962563212437,
        0.007985262227477932,
        0.00797224547765073,
        0.007971284582775079,
        0.007956581705775949,
        0.00795372003294405,
        0.007939575226735699,
        0.007930946693171695,
        0.007920463809018216,
        0.007926509230886288,
        0.007914426344594964,
        0.007900390483888456,
        0.007901096394561382,
        0.007899183896583057,
        0.007881946581325594,
        0.00787714245359684,
        0.007870603567483057,
        0.007869850136884496,
        0.007872585737413746,
        0.00785969797882781,
        0.0078536451074007,
        0.007855600176695768,
        0.007844622745102022,
        0.007839483963717218,
        0.007837294170997315,
        0.007827280951115614,
        0.0078258374499896,
        0.007816122207872337,
        0.007812041765627139,
        0.007808750411035864,
        0.007800976814909871,
        0.007788397559225287
    ]
}