{
    "rmse": [
        0.09793633967638016,
        0.09432296454906464,
        0.09327369928359985,
        0.09245225787162781,
        0.09169185161590576,
        0.09099199622869492,
        0.09051990509033203,
        0.0901552140712738,
        0.08979634195566177,
        0.08966168761253357,
        0.08949612081050873,
        0.08937641978263855,
        0.08921165019273758,
        0.08910402655601501,
        0.08897630870342255,
        0.08891642093658447,
        0.08879944682121277,
        0.08878780901432037,
        0.08871668577194214,
        0.08866928517818451,
        0.08856659382581711,
        0.08852504193782806,
        0.0884869396686554,
        0.08847886323928833,
        0.08837845176458359,
        0.08832819759845734,
        0.08830048888921738,
        0.08828438818454742,
        0.08819824457168579,
        0.08823336660861969,
        0.08819897472858429,
        0.08809201419353485,
        0.08811262249946594,
        0.08803309500217438,
        0.0880018100142479,
        0.0879736840724945,
        0.08797550201416016,
        0.08790026605129242,
        0.08789004385471344,
        0.08785149455070496,
        0.08785435557365417,
        0.08781891316175461,
        0.08777563273906708,
        0.08772873878479004,
        0.08775212615728378,
        0.0877179205417633,
        0.08765227347612381,
        0.08764775097370148,
        0.08759549260139465,
        0.08760709315538406
    ],
    "mae": [
        0.07760794460773468,
        0.07518944144248962,
        0.07439996302127838,
        0.07378232479095459,
        0.07319606840610504,
        0.07263843715190887,
        0.07225603610277176,
        0.07197518646717072,
        0.07169562578201294,
        0.07158921658992767,
        0.07146496325731277,
        0.07137814164161682,
        0.07124559581279755,
        0.07116351276636124,
        0.07105064392089844,
        0.07101853936910629,
        0.07092072069644928,
        0.07089678943157196,
        0.07084180414676666,
        0.07081130146980286,
        0.07072117924690247,
        0.07070210576057434,
        0.07067513465881348,
        0.07065029442310333,
        0.07059572637081146,
        0.07053547352552414,
        0.07054036855697632,
        0.07052814960479736,
        0.07042345404624939,
        0.07045216858386993,
        0.07043120265007019,
        0.07034903019666672,
        0.07036018371582031,
        0.07031621038913727,
        0.07029829919338226,
        0.07027444988489151,
        0.070269875228405,
        0.07020421326160431,
        0.07020139694213867,
        0.07016058266162872,
        0.07016855478286743,
        0.07015915960073471,
        0.07011125981807709,
        0.07006879150867462,
        0.07007120549678802,
        0.07005676627159119,
        0.0700150579214096,
        0.07000336050987244,
        0.06994668394327164,
        0.06996719539165497
    ],
    "r2": [
        0.3619906008243561,
        0.406726598739624,
        0.4196493923664093,
        0.429857462644577,
        0.4391980767250061,
        0.44766542315483093,
        0.45321038365364075,
        0.4576519727706909,
        0.46187731623649597,
        0.4635447859764099,
        0.46548181772232056,
        0.4668486416339874,
        0.4688106179237366,
        0.47009414434432983,
        0.47165587544441223,
        0.472263902425766,
        0.47372040152549744,
        0.4738738238811493,
        0.47461605072021484,
        0.4753003418445587,
        0.4764673709869385,
        0.4769355356693268,
        0.4773365557193756,
        0.4775005877017975,
        0.47857773303985596,
        0.47918084263801575,
        0.47960978746414185,
        0.4797540605068207,
        0.48072752356529236,
        0.48037686944007874,
        0.4807755649089813,
        0.48196136951446533,
        0.481806218624115,
        0.4826715886592865,
        0.4830816686153412,
        0.4834059178829193,
        0.4834039509296417,
        0.48425009846687317,
        0.48438751697540283,
        0.4848317503929138,
        0.4848472774028778,
        0.4852530360221863,
        0.4856588542461395,
        0.486244797706604,
        0.48604971170425415,
        0.4864119291305542,
        0.48714479804039,
        0.4872063398361206,
        0.4878164529800415,
        0.4876708984375
    ],
    "loss": [
        0.00959919460967265,
        0.00889939530419984,
        0.008703523634544031,
        0.00855225893530667,
        0.00841063125785645,
        0.008280717605049465,
        0.008196064523820367,
        0.008132042794918212,
        0.00806449856967307,
        0.008040611634726871,
        0.00801121455228345,
        0.007990592670790688,
        0.00796001532759804,
        0.00794087327494808,
        0.007919307704247371,
        0.007907107924008845,
        0.007888352717426453,
        0.007885269077167242,
        0.007871069447495617,
        0.007864268439320417,
        0.007845124609737688,
        0.00783802609977691,
        0.007830729291027228,
        0.007831142395785959,
        0.00781139016079788,
        0.007803442951414611,
        0.007799863296427897,
        0.007795183911438581,
        0.007782041312420516,
        0.007786277757578908,
        0.007779407221568073,
        0.007761595125699027,
        0.007765629674451283,
        0.007750063129076427,
        0.007744999197414042,
        0.0077405602289977804,
        0.007743543931692429,
        0.007728034556474905,
        0.007725498817891783,
        0.007719884566184911,
        0.007721596920688811,
        0.0077155114077338645,
        0.007705958569320021,
        0.007699880471637288,
        0.007701749338993578,
        0.0076957664076382154,
        0.0076840511464339855,
        0.00768505314973971,
        0.007674576003861787,
        0.007677307776124268
    ]
}