{
    "rmse": [
        0.003262628335505724,
        0.003284492762759328,
        0.0034614084288477898,
        0.003531408030539751,
        0.0034525056835263968
    ],
    "mae": [
        0.0024937153793871403,
        0.0025193376932293177,
        0.002657350618392229,
        0.0027261245995759964,
        0.0026582805439829826
    ],
    "r2": [
        0.9984415769577026,
        0.9984566569328308,
        0.9983961582183838,
        0.9983422756195068,
        0.9983753561973572
    ],
    "loss": [
        1.1627010656221225e-05,
        1.1853310168187944e-05,
        1.3363870328093488e-05,
        1.3912806168242918e-05,
        1.3226354170445459e-05
    ]
}