{
    "rmse": [
        0.0054297251626849174,
        0.005375403445214033,
        0.005512550473213196,
        0.005387293640524149,
        0.005365108605474234
    ],
    "mae": [
        0.003879327792674303,
        0.0038331905379891396,
        0.003972623031586409,
        0.003846307285130024,
        0.0038344727363437414
    ],
    "r2": [
        0.9970313310623169,
        0.9970424175262451,
        0.9969648718833923,
        0.9970571994781494,
        0.9970844984054565
    ],
    "loss": [
        3.29793163213513e-05,
        3.2148387487853013e-05,
        3.397337925326567e-05,
        3.232316227825192e-05,
        3.213079568273055e-05
    ]
}