{
    "rmse": [
        0.25995147228240967,
        0.2249128520488739,
        0.19791391491889954,
        0.1689123511314392,
        0.15160228312015533,
        0.15498995780944824,
        0.15020261704921722,
        0.14664016664028168,
        0.14039942622184753,
        0.13590200245380402,
        0.13251927495002747,
        0.1252187192440033,
        0.12755058705806732,
        0.120253786444664,
        0.1185649111866951,
        0.11328385770320892,
        0.10859322547912598,
        0.10357940196990967,
        0.10039979219436646,
        0.09740827977657318,
        0.0962429940700531,
        0.09620361030101776,
        0.09352592378854752,
        0.09182166308164597,
        0.09072551131248474,
        0.08992848545312881,
        0.08900478482246399,
        0.08803471177816391,
        0.08727482706308365,
        0.08626463264226913,
        0.08613330870866776,
        0.08515727519989014,
        0.0846865102648735,
        0.08487644046545029,
        0.08453892171382904,
        0.08422578126192093,
        0.08353336155414581,
        0.08326619863510132,
        0.08317510783672333,
        0.08284075558185577,
        0.08241737633943558,
        0.08208514750003815,
        0.08156272023916245,
        0.08188718557357788,
        0.08086048811674118,
        0.08085833489894867,
        0.08043087273836136,
        0.0807550847530365,
        0.08003535121679306,
        0.07988639920949936
    ],
    "mae": [
        0.21348567306995392,
        0.183296799659729,
        0.15806476771831512,
        0.1334547996520996,
        0.11957844346761703,
        0.12240287661552429,
        0.11682040244340897,
        0.11317899823188782,
        0.10896174609661102,
        0.10443949699401855,
        0.09984076768159866,
        0.09371130913496017,
        0.09750906378030777,
        0.09005197882652283,
        0.08810288459062576,
        0.08575701713562012,
        0.08189589530229568,
        0.07591679692268372,
        0.0738723948597908,
        0.0708981603384018,
        0.07001993060112,
        0.07041572779417038,
        0.06832893192768097,
        0.06705095618963242,
        0.06588299572467804,
        0.06496831774711609,
        0.06387404352426529,
        0.06335233151912689,
        0.062551349401474,
        0.06145031005144119,
        0.06153444945812225,
        0.0609111525118351,
        0.060766320675611496,
        0.06063474714756012,
        0.059996094554662704,
        0.059577107429504395,
        0.05967153608798981,
        0.058947689831256866,
        0.05834954231977463,
        0.05913621932268143,
        0.05824199691414833,
        0.058149728924036026,
        0.05794386565685272,
        0.057596880942583084,
        0.05720765143632889,
        0.05677096173167229,
        0.05610885098576546,
        0.056852832436561584,
        0.055621616542339325,
        0.056025221943855286
    ],
    "r2": [
        -0.7957992553710938,
        -0.0035376548767089844,
        0.22636158764362335,
        0.29168832302093506,
        0.33824464678764343,
        0.3921050429344177,
        0.4156874418258667,
        0.3422050476074219,
        0.3977490961551666,
        0.45188671350479126,
        0.48702138662338257,
        0.49568864703178406,
        0.46148717403411865,
        0.5516772270202637,
        0.5781577229499817,
        0.5903394222259521,
        0.6284670233726501,
        0.661605715751648,
        0.6642972230911255,
        0.6868894100189209,
        0.6980893015861511,
        0.6959620714187622,
        0.710081160068512,
        0.7170754671096802,
        0.7216588258743286,
        0.7226386070251465,
        0.7252078652381897,
        0.7307212948799133,
        0.7302389144897461,
        0.7367702722549438,
        0.7325074076652527,
        0.7394168972969055,
        0.7432764768600464,
        0.7439529895782471,
        0.7451462149620056,
        0.7466305494308472,
        0.7510595917701721,
        0.7509442567825317,
        0.7535454034805298,
        0.7529245018959045,
        0.757825493812561,
        0.7586855292320251,
        0.7622290253639221,
        0.7610223889350891,
        0.7659567594528198,
        0.7645090818405151,
        0.7660742402076721,
        0.766098141670227,
        0.7690233588218689,
        0.7697193026542664
    ],
    "loss": [
        0.09003495797514915,
        0.07301629334688187,
        0.055453673005104065,
        0.036176079884171486,
        0.028196548111736774,
        0.028758822940289974,
        0.02738291025161743,
        0.026537316851317883,
        0.024291676469147205,
        0.0221110787242651,
        0.0219974210485816,
        0.018652339465916157,
        0.02041015401482582,
        0.017762504518032074,
        0.017301221378147602,
        0.0157313235104084,
        0.014858505688607693,
        0.012986110057681799,
        0.012486410792917013,
        0.011440619360655546,
        0.01138895470649004,
        0.01195354899391532,
        0.010922468267381191,
        0.01011521415784955,
        0.009864561259746552,
        0.009174800477921963,
        0.00940145319327712,
        0.009436246007680893,
        0.008853348903357983,
        0.008469123858958483,
        0.008834437932819128,
        0.008345660753548145,
        0.008451919537037611,
        0.008553942199796438,
        0.008752177469432354,
        0.008321545086801052,
        0.009254271630197763,
        0.008076446130871773,
        0.00842889305204153,
        0.0087970111053437,
        0.0081225517205894,
        0.00868406193330884,
        0.00812105555087328,
        0.007671787636354566,
        0.008023283677175641,
        0.007794944569468498,
        0.008059288607910275,
        0.007488417671993375,
        0.007924542063847184,
        0.007692303508520126
    ]
}