{
    "beta_list": [
        1.0,
        0.95,
        0.9,
        0.85,
        0.8,
        0.75,
        0.7,
        0.6499999999999999,
        0.6,
        0.55,
        0.5,
        0.44999999999999996,
        0.3999999999999999,
        0.35,
        0.29999999999999993,
        0.25,
        0.19999999999999996,
        0.1499999999999999,
        0.09999999999999998,
        0.04999999999999993
    ],
    "student_Nchoice": [
        0,
        56,
        82,
        152,
        213,
        241,
        316,
        346,
        415,
        448,
        494,
        554,
        588,
        653,
        706,
        776,
        811,
        855,
        911,
        940
    ],
    "expert_Nchoice": [
        1000,
        944,
        918,
        848,
        787,
        759,
        684,
        654,
        585,
        552,
        506,
        446,
        412,
        347,
        294,
        224,
        189,
        145,
        89,
        60
    ]
}