{
    "rmse": [
        0.012508942745625973,
        0.012367073446512222,
        0.012137404642999172,
        0.011910675093531609,
        0.011823000386357307
    ],
    "mae": [
        0.008522674441337585,
        0.008335876278579235,
        0.008153392001986504,
        0.007994999177753925,
        0.00791710801422596
    ],
    "r2": [
        0.9795018434524536,
        0.9799178838729858,
        0.9806896448135376,
        0.981407642364502,
        0.9817052483558655
    ],
    "loss": [
        0.0001565570721984841,
        0.00015297699655639007,
        0.00014738184699284224,
        0.00014193243408517446,
        0.00013988821982056834
    ]
}