{
    "beta_list": [
        1.0,
        0.6065306597126334,
        0.36787944117144233,
        0.22313016014842982,
        0.1353352832366127,
        0.0820849986238988,
        0.049787068367863944,
        0.0301973834223185,
        0.01831563888873418,
        0.011108996538242306,
        0.006737946999085467,
        0.004086771438464067,
        0.0024787521766663585,
        0.0015034391929775724,
        0.0009118819655545162,
        0.0005530843701478336,
        0.00033546262790251185,
        0.00020346836901064417,
        0.00012340980408667956,
        7.48518298877006e-05
    ],
    "student_Nchoice": [
        0,
        437,
        659,
        795,
        866,
        915,
        943,
        973,
        978,
        986,
        992,
        997,
        995,
        998,
        1000,
        1000,
        996,
        1000,
        1000,
        1000
    ],
    "expert_Nchoice": [
        1000,
        563,
        341,
        205,
        134,
        85,
        57,
        27,
        22,
        14,
        8,
        3,
        5,
        2,
        0,
        0,
        4,
        0,
        0,
        0
    ]
}