{
    "rmse": [
        0.010674574412405491,
        0.010559258982539177,
        0.01079616416245699,
        0.010722615756094456,
        0.01062815822660923
    ],
    "mae": [
        0.0073852818459272385,
        0.0073408824391663074,
        0.00739812757819891,
        0.007335928734391928,
        0.007271140813827515
    ],
    "r2": [
        0.9878613352775574,
        0.9881524443626404,
        0.9876067638397217,
        0.9877734780311584,
        0.987979531288147
    ],
    "loss": [
        0.00011427442448912188,
        0.00011203199813899119,
        0.0001170496589911636,
        0.00011544980030885198,
        0.00011336605438613333
    ]
}