{
    "rmse": [
        0.004070962313562632,
        0.003768087597563863,
        0.0035947011783719063,
        0.0037144795060157776,
        0.0036325405817478895
    ],
    "mae": [
        0.003228731919080019,
        0.0029305098578333855,
        0.002759817522019148,
        0.0028640846721827984,
        0.0027896936517208815
    ],
    "r2": [
        0.9981461763381958,
        0.9982717037200928,
        0.9983475208282471,
        0.9983212351799011,
        0.9983556270599365
    ],
    "loss": [
        1.926355045809963e-05,
        1.6216045349760543e-05,
        1.4650183885358048e-05,
        1.6094344666038693e-05,
        1.51789005094331e-05
    ]
}