{
    "rmse": [
        0.24832254648208618,
        0.2070176899433136,
        0.16086675226688385,
        0.146710604429245,
        0.14166267216205597,
        0.1341809630393982,
        0.12798039615154266,
        0.12455637007951736,
        0.11998257040977478,
        0.11480869352817535,
        0.108661949634552,
        0.10228913277387619,
        0.09761275351047516,
        0.09537127614021301,
        0.09300613403320312,
        0.0910128653049469,
        0.08931011706590652,
        0.08902543783187866,
        0.08823138475418091,
        0.08740495890378952,
        0.08751070499420166,
        0.08648291230201721,
        0.08566589653491974,
        0.08512520045042038,
        0.08807149529457092,
        0.08727854490280151,
        0.08818744868040085,
        0.08590350300073624,
        0.08505549281835556,
        0.08333731442689896,
        0.08200732618570328,
        0.08139669895172119,
        0.0811585783958435,
        0.08052091300487518,
        0.08017034083604813,
        0.0800451710820198,
        0.07962057739496231,
        0.0797564685344696,
        0.07874348759651184,
        0.07866185903549194,
        0.07919604331254959,
        0.07966817170381546,
        0.08048868924379349,
        0.0803973376750946,
        0.07884564995765686,
        0.07861863821744919,
        0.07810132950544357,
        0.07784969359636307,
        0.07940003275871277,
        0.07815726846456528
    ],
    "mae": [
        0.2027890682220459,
        0.1656373143196106,
        0.12521249055862427,
        0.11414950340986252,
        0.10795102268457413,
        0.10036885738372803,
        0.09638373553752899,
        0.0938824787735939,
        0.09029155224561691,
        0.0872078463435173,
        0.08064454048871994,
        0.07619687169790268,
        0.07311254739761353,
        0.07090628147125244,
        0.06880171597003937,
        0.06616314500570297,
        0.06486600637435913,
        0.06481011211872101,
        0.06350909173488617,
        0.06361392140388489,
        0.06292267888784409,
        0.062194883823394775,
        0.06116967648267746,
        0.06061597540974617,
        0.06436872482299805,
        0.06358262896537781,
        0.06379073858261108,
        0.0621287040412426,
        0.061151571571826935,
        0.05896677076816559,
        0.05808738246560097,
        0.05791451409459114,
        0.05626499652862549,
        0.056414391845464706,
        0.05649997293949127,
        0.05563896894454956,
        0.055486757308244705,
        0.05535737797617912,
        0.0541749969124794,
        0.05490395054221153,
        0.054585933685302734,
        0.05465137958526611,
        0.056428611278533936,
        0.0569346621632576,
        0.05466283857822418,
        0.05448204278945923,
        0.053777653723955154,
        0.053640350699424744,
        0.055925242602825165,
        0.053776297718286514
    ],
    "r2": [
        -0.4653708040714264,
        0.10467363893985748,
        0.3558485805988312,
        0.3767886757850647,
        0.41749510169029236,
        0.43676307797431946,
        0.48214662075042725,
        0.4993210434913635,
        0.5304727554321289,
        0.5620720386505127,
        0.5919591784477234,
        0.6247918009757996,
        0.6537957191467285,
        0.6781210899353027,
        0.6860074400901794,
        0.6995223760604858,
        0.7148974537849426,
        0.7209959626197815,
        0.7259431481361389,
        0.7273961901664734,
        0.7314145565032959,
        0.7347948551177979,
        0.7400099635124207,
        0.7416495084762573,
        0.7319454550743103,
        0.7380435466766357,
        0.7330702543258667,
        0.7384216785430908,
        0.7377225756645203,
        0.7487838268280029,
        0.7528684735298157,
        0.7563797831535339,
        0.760442852973938,
        0.7615069150924683,
        0.7640826106071472,
        0.7671673893928528,
        0.7679428458213806,
        0.768456220626831,
        0.7716389298439026,
        0.7742431163787842,
        0.7729424834251404,
        0.7709543108940125,
        0.7734261751174927,
        0.7712511420249939,
        0.7778419852256775,
        0.7767865657806396,
        0.7806833982467651,
        0.7834877371788025,
        0.7792580723762512,
        0.7815096378326416
    ],
    "loss": [
        0.08638114978869756,
        0.06046671296159426,
        0.03366424391667048,
        0.027167970314621925,
        0.024907588337858517,
        0.021949709703524906,
        0.020060205832123756,
        0.01892322798569997,
        0.017459810401002567,
        0.016062670076886814,
        0.014111521343390146,
        0.012407287334402403,
        0.011469811821977297,
        0.010918635254104933,
        0.010286732266346613,
        0.009818698900441328,
        0.009539537752668062,
        0.0095147251461943,
        0.009381829760968685,
        0.009235188675423464,
        0.009227780314783255,
        0.009032233307758967,
        0.008640547438214222,
        0.008677314966917038,
        0.009472896344959736,
        0.009120966928700605,
        0.009347871566812197,
        0.008885159778098265,
        0.008660365827381611,
        0.008334063769628605,
        0.007931144752850136,
        0.007820572083195051,
        0.007943866153558096,
        0.007824261672794819,
        0.007690273690968752,
        0.007559084178258975,
        0.007546425797045231,
        0.007531770970672369,
        0.007388189590225617,
        0.007484977288792531,
        0.007607420130322377,
        0.0077277395563821,
        0.007844551000744104,
        0.00786501650388042,
        0.007369043150295814,
        0.007421050065507491,
        0.0073279631324112415,
        0.007372280738006036,
        0.007758467458188534,
        0.0074149359328051405
    ]
}