{
    "rmse": [
        0.006313626188784838,
        0.006319749169051647,
        0.006271169986575842,
        0.006243845447897911,
        0.00618915306404233
    ],
    "mae": [
        0.004656157921999693,
        0.004676791373640299,
        0.004637604579329491,
        0.004616712685674429,
        0.0045698340982198715
    ],
    "r2": [
        0.9955231547355652,
        0.9956120252609253,
        0.9957000017166138,
        0.9957602024078369,
        0.9958069920539856
    ],
    "loss": [
        4.3615547838271596e-05,
        4.3933859217304416e-05,
        4.3337394307248665e-05,
        4.298211817399533e-05,
        4.214925891119492e-05
    ]
}