{
    "rmse": [
        0.005311216227710247,
        0.005121728405356407,
        0.004963229410350323,
        0.004983430728316307,
        0.004992812871932983
    ],
    "mae": [
        0.004030417185276747,
        0.0038634981028735638,
        0.003715634811669588,
        0.0037450087256729603,
        0.003760292660444975
    ],
    "r2": [
        0.9972096681594849,
        0.9972712993621826,
        0.997391402721405,
        0.9974145889282227,
        0.9974283576011658
    ],
    "loss": [
        3.209723460410411e-05,
        2.9400960698290468e-05,
        2.7417740569001548e-05,
        2.777438486292441e-05,
        2.793400852371835e-05
    ]
}