{
    "rmse": [
        0.25799334049224854,
        0.24002641439437866,
        0.22479483485221863,
        0.2129899561405182,
        0.20080070197582245,
        0.18352679908275604,
        0.1645554155111313,
        0.14779359102249146,
        0.13622774183750153,
        0.13068252801895142,
        0.12835189700126648,
        0.12586846947669983,
        0.1230219304561615,
        0.12080734223127365,
        0.1186651811003685,
        0.11603663861751556,
        0.11387588083744049,
        0.11148133873939514,
        0.10992501676082611,
        0.10722078382968903,
        0.10482806712388992,
        0.10240005701780319,
        0.10014846175909042,
        0.09779247641563416,
        0.09615537524223328,
        0.09536851942539215,
        0.09383605420589447,
        0.09288223087787628,
        0.09191936254501343,
        0.0911015048623085,
        0.09052148461341858,
        0.09025829285383224,
        0.08934842795133591,
        0.08817645162343979,
        0.08767755329608917,
        0.08722184598445892,
        0.08718056976795197,
        0.08732762932777405,
        0.08649006485939026,
        0.08607999235391617,
        0.08667488396167755,
        0.08517852425575256,
        0.08537798374891281,
        0.08463681489229202,
        0.08519245684146881,
        0.08454158157110214,
        0.08471476286649704,
        0.08419456332921982,
        0.08388437330722809,
        0.08402116596698761
    ],
    "mae": [
        0.21211715042591095,
        0.1950342059135437,
        0.18226821720600128,
        0.17170922458171844,
        0.1610020399093628,
        0.1461164802312851,
        0.13021275401115417,
        0.11595126986503601,
        0.10506989806890488,
        0.09963033348321915,
        0.09642580896615982,
        0.0942339152097702,
        0.09191416203975677,
        0.09036916494369507,
        0.08832258731126785,
        0.08611343801021576,
        0.08424852043390274,
        0.08210232108831406,
        0.08101870119571686,
        0.07939188182353973,
        0.077238529920578,
        0.07526109367609024,
        0.07388269156217575,
        0.07150092720985413,
        0.07013042271137238,
        0.06946030259132385,
        0.06856271624565125,
        0.06750635802745819,
        0.06665953248739243,
        0.06611607223749161,
        0.06589992344379425,
        0.06556500494480133,
        0.06511422246694565,
        0.06360520422458649,
        0.06335112452507019,
        0.06267531961202621,
        0.06243648752570152,
        0.06262187659740448,
        0.062352173030376434,
        0.061700157821178436,
        0.0619439035654068,
        0.06053990125656128,
        0.06119142100214958,
        0.06023862585425377,
        0.06075302138924599,
        0.0597342848777771,
        0.06065434217453003,
        0.05987020954489708,
        0.05954679474234581,
        0.059388238936662674
    ],
    "r2": [
        -0.7470232844352722,
        -0.23337534070014954,
        0.04724813252687454,
        0.15878349542617798,
        0.22764380276203156,
        0.3222866654396057,
        0.39370450377464294,
        0.42866289615631104,
        0.4602331519126892,
        0.4940203130245209,
        0.5205856561660767,
        0.5277233123779297,
        0.5407602787017822,
        0.5613501667976379,
        0.5772840976715088,
        0.5893059968948364,
        0.6015763878822327,
        0.6142628788948059,
        0.6255454421043396,
        0.6370428800582886,
        0.6487764120101929,
        0.6593408584594727,
        0.6733462810516357,
        0.6818196773529053,
        0.6909961104393005,
        0.6981561183929443,
        0.7037995457649231,
        0.7077606320381165,
        0.7148120999336243,
        0.7165674567222595,
        0.7194287776947021,
        0.7213630080223083,
        0.7229828238487244,
        0.7302098274230957,
        0.7336276173591614,
        0.7351906895637512,
        0.7362105250358582,
        0.7382639050483704,
        0.738088846206665,
        0.7394554615020752,
        0.7395620346069336,
        0.7453653812408447,
        0.7461418509483337,
        0.748477041721344,
        0.7482699155807495,
        0.7495438456535339,
        0.7486678957939148,
        0.7495986819267273,
        0.7505537867546082,
        0.7490921020507812
    ],
    "loss": [
        0.09138355776667595,
        0.08531398698687553,
        0.0746147520840168,
        0.06809690097967784,
        0.05788403811554114,
        0.048308530201514564,
        0.03671334901203712,
        0.028290764428675175,
        0.022803326758245628,
        0.02197308527926604,
        0.020532195456326008,
        0.019654149810473125,
        0.018595396541059017,
        0.017912830070902903,
        0.017185252004613478,
        0.01677328860387206,
        0.015887908327082794,
        0.015202312109371027,
        0.01471460455407699,
        0.013591219515850147,
        0.013365682680159807,
        0.012581634024779001,
        0.011900180174658695,
        0.011216081213206053,
        0.011207929346710443,
        0.010926205043991407,
        0.010658689308911562,
        0.010664141116042932,
        0.010310098994523287,
        0.009969776341070732,
        0.009815887703249851,
        0.009738959837704897,
        0.009689541223148504,
        0.009314733867843946,
        0.009209473927815756,
        0.009014821068073312,
        0.009453438532849153,
        0.009055171239500245,
        0.009032278166462978,
        0.008951488571862379,
        0.00888716095748047,
        0.009152678695196906,
        0.00926332587065796,
        0.008523722955336174,
        0.009054864291101694,
        0.008462976974745592,
        0.008906119503080845,
        0.008887925107652942,
        0.008212047551448146,
        0.00891020141231517
    ]
}