{
    "rmse": [
        0.09773403406143188,
        0.09358043223619461,
        0.0917469933629036,
        0.09094888716936111,
        0.09059257805347443,
        0.09034155309200287,
        0.09023082256317139,
        0.0900738537311554,
        0.08996559679508209,
        0.0898912101984024,
        0.08981931209564209,
        0.08976782858371735,
        0.08968017995357513,
        0.08968900889158249,
        0.08961194008588791,
        0.08960586786270142,
        0.08951777219772339,
        0.0894700437784195,
        0.0894482284784317,
        0.08944327384233475,
        0.08939531445503235,
        0.0893678292632103,
        0.08936513960361481,
        0.0893276184797287,
        0.0893334448337555,
        0.08928093314170837,
        0.0892886221408844,
        0.08923771977424622,
        0.08924063295125961,
        0.08923844993114471,
        0.08919776976108551,
        0.08920034766197205,
        0.08913600444793701,
        0.08912106603384018,
        0.08912721276283264,
        0.08912986516952515,
        0.08912694454193115,
        0.08908183872699738,
        0.08904082328081131,
        0.08907350152730942,
        0.08905187249183655,
        0.08904536068439484,
        0.08901943266391754,
        0.08902725577354431,
        0.08900558948516846,
        0.08898629248142242,
        0.08897154033184052,
        0.08897240459918976,
        0.08896221220493317,
        0.08892513811588287
    ],
    "mae": [
        0.07746335864067078,
        0.07453497499227524,
        0.07311704754829407,
        0.07249969244003296,
        0.07222451269626617,
        0.07203734666109085,
        0.07192742824554443,
        0.07184600830078125,
        0.07174782454967499,
        0.07165636122226715,
        0.07166993618011475,
        0.07159246504306793,
        0.07156315445899963,
        0.07156357169151306,
        0.07148939371109009,
        0.07149035483598709,
        0.0714488998055458,
        0.07140189409255981,
        0.07139568030834198,
        0.07136312872171402,
        0.0713450014591217,
        0.07132784277200699,
        0.07131106406450272,
        0.07129083573818207,
        0.07128091901540756,
        0.07126957178115845,
        0.07125312089920044,
        0.07121720910072327,
        0.07121721655130386,
        0.07121235877275467,
        0.07120592892169952,
        0.07118155062198639,
        0.07115775346755981,
        0.07114775478839874,
        0.07114304602146149,
        0.0711585208773613,
        0.071149080991745,
        0.07111664116382599,
        0.07110332697629929,
        0.07109777629375458,
        0.07109751552343369,
        0.07108447700738907,
        0.07106317579746246,
        0.07108555734157562,
        0.07103976607322693,
        0.07104425132274628,
        0.07103480398654938,
        0.0710311308503151,
        0.07101520150899887,
        0.07100312411785126
    ],
    "r2": [
        0.4393714964389801,
        0.48600950837135315,
        0.5060069561004639,
        0.5145230293273926,
        0.5182629823684692,
        0.520939826965332,
        0.5220942497253418,
        0.5237748622894287,
        0.5248972773551941,
        0.5256762504577637,
        0.5264334678649902,
        0.5269641280174255,
        0.5278820991516113,
        0.527795135974884,
        0.5285921096801758,
        0.5287015438079834,
        0.5296062231063843,
        0.5300916433334351,
        0.5303056240081787,
        0.5303573608398438,
        0.530867338180542,
        0.5311570167541504,
        0.5311790704727173,
        0.5315743684768677,
        0.5315067172050476,
        0.5320383310317993,
        0.531974196434021,
        0.532529354095459,
        0.5324880480766296,
        0.532509446144104,
        0.5329153537750244,
        0.5329201221466064,
        0.5335886478424072,
        0.5337132215499878,
        0.5336674451828003,
        0.533623218536377,
        0.5336576700210571,
        0.5341440439224243,
        0.5345513820648193,
        0.5342286825180054,
        0.5344425439834595,
        0.5345319509506226,
        0.5347886085510254,
        0.5347141623497009,
        0.5349570512771606,
        0.5351309776306152,
        0.5352873206138611,
        0.5352888703346252,
        0.5353835821151733,
        0.535781979560852
    ],
    "loss": [
        0.009554355017773427,
        0.008759423738563817,
        0.008419786017094524,
        0.008273844076717307,
        0.008208910245032841,
        0.008163335416118604,
        0.008143610394380824,
        0.008115220851555922,
        0.008095683794775847,
        0.008082185041984963,
        0.008069295907169335,
        0.00806002228936832,
        0.008044347592317348,
        0.008045805693946508,
        0.008031964192565747,
        0.008031085296606375,
        0.008015248905591467,
        0.008006525337648394,
        0.008002871730238673,
        0.00800187062624686,
        0.007993280094472494,
        0.007988328551715194,
        0.00798785991229023,
        0.007981168270869901,
        0.007982050590959583,
        0.007972698416295235,
        0.00797418014310378,
        0.00796506746147086,
        0.007965628793546554,
        0.007965205159786905,
        0.007957966471423663,
        0.00795853449202683,
        0.007947015067575062,
        0.007944293378248285,
        0.007945355075340147,
        0.007945707788093883,
        0.007945311053617385,
        0.007937393178725688,
        0.007930059105918713,
        0.007935809928901368,
        0.007931812582317857,
        0.007930691871917412,
        0.007926082369934615,
        0.00792747550776978,
        0.007923652310759472,
        0.007920255214261996,
        0.007917633863575696,
        0.007917686144762254,
        0.007916050788129562,
        0.007909329020067257
    ]
}