{
    "rmse": [
        0.003762506879866123,
        0.0037877224385738373,
        0.0038646748289465904,
        0.003855945309624076,
        0.004012457560747862
    ],
    "mae": [
        0.00285217328928411,
        0.0028783532325178385,
        0.002950924914330244,
        0.0029450198635458946,
        0.0030684052035212517
    ],
    "r2": [
        0.9979520440101624,
        0.9980043768882751,
        0.998001754283905,
        0.9980267286300659,
        0.9979775547981262
    ],
    "loss": [
        1.494164304555549e-05,
        1.526008965002903e-05,
        1.6034687292563762e-05,
        1.599541366077675e-05,
        1.743636295739432e-05
    ]
}