{
    "rmse": [
        0.005501488223671913,
        0.005380413960665464,
        0.005366192199289799,
        0.00528044905513525,
        0.00524260476231575
    ],
    "mae": [
        0.003932317718863487,
        0.003819291479885578,
        0.0038178814575076103,
        0.0037371229846030474,
        0.0037064494099467993
    ],
    "r2": [
        0.997412919998169,
        0.9974827170372009,
        0.997516930103302,
        0.9975850582122803,
        0.9976270198822021
    ],
    "loss": [
        3.5037847791339596e-05,
        3.339430569373208e-05,
        3.3289456951024476e-05,
        3.225229742758315e-05,
        3.1803758889402484e-05
    ]
}