{
    "rmse": [
        0.09787684679031372,
        0.0939706414937973,
        0.09216868132352829,
        0.09099794179201126,
        0.09058189392089844,
        0.09026216715574265,
        0.09007914364337921,
        0.08994045853614807,
        0.08981949836015701,
        0.08974841237068176,
        0.08970198035240173,
        0.08964824676513672,
        0.08949373662471771,
        0.08950017392635345,
        0.08943413197994232,
        0.08938981592655182,
        0.08938512206077576,
        0.08934003114700317,
        0.0892917588353157,
        0.08924791216850281,
        0.08921702206134796,
        0.08918933570384979,
        0.08915239572525024,
        0.08915695548057556,
        0.08912940323352814,
        0.08911129832267761,
        0.08907768875360489,
        0.08905334770679474,
        0.08905959129333496,
        0.08903093636035919,
        0.0890156626701355,
        0.08901316672563553,
        0.08897113054990768,
        0.08893188834190369,
        0.08890639245510101,
        0.08890978991985321,
        0.08892150223255157,
        0.08887782692909241,
        0.08886034786701202,
        0.0888807475566864,
        0.08886149525642395,
        0.08886636048555374,
        0.08887387812137604,
        0.08884180337190628,
        0.08877019584178925,
        0.08876882493495941,
        0.08875823020935059,
        0.08874735236167908,
        0.08875775337219238,
        0.08870998024940491
    ],
    "mae": [
        0.07755488157272339,
        0.07483021169900894,
        0.07343673706054688,
        0.07255078107118607,
        0.07222378253936768,
        0.07199428975582123,
        0.07183042168617249,
        0.07173915952444077,
        0.07164822518825531,
        0.07155922800302505,
        0.07156627625226974,
        0.07150758802890778,
        0.07142405956983566,
        0.07140554487705231,
        0.07135629653930664,
        0.07134775817394257,
        0.07131820172071457,
        0.07128587365150452,
        0.07126453518867493,
        0.07122379541397095,
        0.07119956612586975,
        0.07117260247468948,
        0.07116308808326721,
        0.07116951048374176,
        0.0711304247379303,
        0.07113267481327057,
        0.0710822120308876,
        0.07107046246528625,
        0.07108023762702942,
        0.07105131447315216,
        0.07105356454849243,
        0.0710413008928299,
        0.07100808620452881,
        0.0709848403930664,
        0.07097841799259186,
        0.07097776234149933,
        0.07098373770713806,
        0.07094712555408478,
        0.07095412909984589,
        0.07094085216522217,
        0.07094460725784302,
        0.07093454897403717,
        0.07093140482902527,
        0.07090646028518677,
        0.07086651027202606,
        0.07086583971977234,
        0.07085219025611877,
        0.07085928320884705,
        0.07085828483104706,
        0.07082266360521317
    ],
    "r2": [
        0.4376685321331024,
        0.4816279113292694,
        0.5014146566390991,
        0.513973593711853,
        0.5184106826782227,
        0.5217502117156982,
        0.5236858129501343,
        0.5251777172088623,
        0.5264487862586975,
        0.5271905660629272,
        0.5276426076889038,
        0.5282038450241089,
        0.529849648475647,
        0.5297673940658569,
        0.530439019203186,
        0.5309514999389648,
        0.5309803485870361,
        0.5314518809318542,
        0.5319480299949646,
        0.5323901176452637,
        0.5327268242835999,
        0.5330075025558472,
        0.5333996415138245,
        0.5333511829376221,
        0.5336189866065979,
        0.5338053703308105,
        0.5341756343841553,
        0.5344303846359253,
        0.5343818664550781,
        0.5346726179122925,
        0.534813642501831,
        0.5348553657531738,
        0.5352881550788879,
        0.5356876850128174,
        0.5359572172164917,
        0.5359157919883728,
        0.5358099341392517,
        0.5362634062767029,
        0.5364303588867188,
        0.536230206489563,
        0.536434531211853,
        0.5363999605178833,
        0.5362982749938965,
        0.5366325378417969,
        0.537388801574707,
        0.5373701453208923,
        0.5374936461448669,
        0.5376284122467041,
        0.5375106334686279,
        0.5380066633224487
    ],
    "loss": [
        0.009582202036233391,
        0.008832737527467596,
        0.008497357482373223,
        0.008283033622922528,
        0.00820713051640764,
        0.008148511088499203,
        0.008116056465661286,
        0.008091145539673307,
        0.008069256967413741,
        0.008056799343138443,
        0.00804822734681382,
        0.008038344433262155,
        0.008011491953053085,
        0.00801188108635559,
        0.008000057299112325,
        0.007992735440745758,
        0.007991759244768014,
        0.007983406448065963,
        0.007975318103558783,
        0.00796737876010742,
        0.007961589215115611,
        0.007956596022264069,
        0.007949759468429431,
        0.007950859932293622,
        0.00794546879569181,
        0.007942117708760707,
        0.007936780282400099,
        0.007931975392757539,
        0.007933597651972577,
        0.007928195034734346,
        0.007925776672810044,
        0.007925358822933607,
        0.007917397425695572,
        0.007910151270233517,
        0.007905531289324955,
        0.007906277637445185,
        0.007908498067783373,
        0.007901386561645178,
        0.007898360752318416,
        0.00790158249199445,
        0.007897367163763894,
        0.007898654356782735,
        0.007900170372012438,
        0.007894329949906964,
        0.007881537210570829,
        0.007881456001966483,
        0.00787940915942982,
        0.007877353882209365,
        0.007880071560653025,
        0.007870785728219549
    ]
}