{
    "rmse": [
        0.09643913805484772,
        0.09205926954746246,
        0.09063945710659027,
        0.09009136259555817,
        0.08983075618743896,
        0.08962639421224594,
        0.08951084315776825,
        0.08943329751491547,
        0.08929480612277985,
        0.08927876502275467,
        0.08920152485370636,
        0.0891822874546051,
        0.08917209506034851,
        0.08910878002643585,
        0.08905313163995743,
        0.08901946246623993,
        0.08899346739053726,
        0.0889437347650528,
        0.08892592042684555,
        0.08890502154827118,
        0.08890032023191452,
        0.08888757228851318,
        0.08887189626693726,
        0.08883079886436462,
        0.08882611989974976,
        0.08882663398981094,
        0.08878204226493835,
        0.0888223797082901,
        0.08877558261156082,
        0.088793084025383,
        0.0887555256485939,
        0.08873403072357178,
        0.08873225748538971,
        0.08875048160552979,
        0.08872629702091217,
        0.08873288333415985,
        0.08871154487133026,
        0.08870302885770798,
        0.08868051320314407,
        0.0886807069182396
    ],
    "mae": [
        0.07660651206970215,
        0.07343770563602448,
        0.0723319724202156,
        0.07191888988018036,
        0.07170337438583374,
        0.07155738770961761,
        0.07145394384860992,
        0.07139837741851807,
        0.07130014896392822,
        0.07127426564693451,
        0.07123854011297226,
        0.0712149366736412,
        0.0712176263332367,
        0.07115330547094345,
        0.07112475484609604,
        0.0710846334695816,
        0.07104118168354034,
        0.07103937864303589,
        0.0710034966468811,
        0.07100828737020493,
        0.07099626958370209,
        0.07098348438739777,
        0.07097747921943665,
        0.07095032930374146,
        0.07092558592557907,
        0.07093838602304459,
        0.07093129307031631,
        0.07093720883131027,
        0.07089827954769135,
        0.07089687138795853,
        0.07089132815599442,
        0.07086346298456192,
        0.07085252553224564,
        0.0708886981010437,
        0.0708717405796051,
        0.0708613470196724,
        0.07083964347839355,
        0.07086433470249176,
        0.07082466781139374,
        0.0708269402384758
    ],
    "r2": [
        0.3809497058391571,
        0.4349519908428192,
        0.45197856426239014,
        0.4584626257419586,
        0.4614886939525604,
        0.4639858901500702,
        0.4653322696685791,
        0.4662087857723236,
        0.46784448623657227,
        0.4680550694465637,
        0.4689618945121765,
        0.4691992402076721,
        0.46931755542755127,
        0.4700360894203186,
        0.47065651416778564,
        0.4711160659790039,
        0.4713546633720398,
        0.4719468951225281,
        0.4722311198711395,
        0.4723815619945526,
        0.4725097417831421,
        0.4726659953594208,
        0.4728061556816101,
        0.4733204245567322,
        0.4733584523200989,
        0.47335323691368103,
        0.47386088967323303,
        0.4733984172344208,
        0.47391054034233093,
        0.47370463609695435,
        0.474190890789032,
        0.47446268796920776,
        0.4744206964969635,
        0.4742283225059509,
        0.47454914450645447,
        0.4744682013988495,
        0.4746144115924835,
        0.4747752845287323,
        0.47502654790878296,
        0.4750777781009674
    ],
    "loss": [
        0.009305700136114911,
        0.008477455971951183,
        0.008217736257248366,
        0.008118426594645158,
        0.008071350162990635,
        0.008034721208152448,
        0.008014005797693624,
        0.007999901873132136,
        0.00797517986080479,
        0.00797252478431877,
        0.007958911461887454,
        0.007955243942448485,
        0.007953510797882427,
        0.007942123978840405,
        0.007931974656077201,
        0.00792644869197522,
        0.007921517577212494,
        0.007912618122331698,
        0.007909585145489353,
        0.007905632053778729,
        0.007905218826771454,
        0.007902861681586482,
        0.007899725833881871,
        0.00789245103718937,
        0.007891576394270575,
        0.007891741453343483,
        0.007883941199866242,
        0.007890985787299538,
        0.007882515776942623,
        0.007885768690467868,
        0.007879126813916431,
        0.007875204317886533,
        0.007875047672584231,
        0.007878177891207289,
        0.007874096853282803,
        0.007875130117924747,
        0.007871335162758782,
        0.007869691764343297,
        0.007865782996010708,
        0.007865955434186453
    ]
}