{
    "rmse": [
        0.23846332728862762,
        0.19195681810379028,
        0.14320792257785797,
        0.12815918028354645,
        0.12210873514413834,
        0.11542963981628418,
        0.10922180116176605,
        0.10306470096111298,
        0.0991801992058754,
        0.09499891102313995,
        0.09175830334424973,
        0.08971276134252548,
        0.0891314297914505,
        0.08828563988208771,
        0.0872722789645195,
        0.08610351383686066,
        0.08574099838733673,
        0.08649569004774094,
        0.08474581688642502,
        0.08421013504266739,
        0.08412431925535202,
        0.08325044065713882,
        0.08417312055826187,
        0.08477284759283066,
        0.08392829447984695,
        0.08253484964370728,
        0.08272150903940201,
        0.08278420567512512,
        0.08234497159719467,
        0.08201257884502411,
        0.08065640926361084,
        0.08064424991607666,
        0.08121337741613388,
        0.0814061164855957,
        0.08063622564077377,
        0.08058866113424301,
        0.07972566038370132,
        0.07972396910190582,
        0.08077936619520187,
        0.07953289896249771,
        0.07934536784887314,
        0.07919994741678238,
        0.07926777750253677,
        0.07938173413276672,
        0.07845573127269745,
        0.07828892022371292,
        0.07831915467977524,
        0.07981722801923752,
        0.07837614417076111,
        0.07746392488479614
    ],
    "mae": [
        0.19392241537570953,
        0.15346385538578033,
        0.11102649569511414,
        0.09649418294429779,
        0.09155389666557312,
        0.08565234392881393,
        0.08074059337377548,
        0.07596386969089508,
        0.07299130409955978,
        0.06948750466108322,
        0.06656551361083984,
        0.0647284984588623,
        0.0644463449716568,
        0.06335359066724777,
        0.06279594451189041,
        0.06172371655702591,
        0.06161767989397049,
        0.0614851713180542,
        0.06009965389966965,
        0.05924072489142418,
        0.059963736683130264,
        0.058999910950660706,
        0.06013859808444977,
        0.06028995290398598,
        0.05989983305335045,
        0.058077123016119,
        0.05878353863954544,
        0.05862979218363762,
        0.05810059979557991,
        0.057961829006671906,
        0.05606396868824959,
        0.05587152764201164,
        0.05701502040028572,
        0.05718939006328583,
        0.056494515389204025,
        0.05661053955554962,
        0.055632948875427246,
        0.055249184370040894,
        0.05670545622706413,
        0.0558873750269413,
        0.05479208007454872,
        0.05522412806749344,
        0.054962266236543655,
        0.05558355525135994,
        0.05425642058253288,
        0.05394040048122406,
        0.054158229380846024,
        0.056197796016931534,
        0.05413462966680527,
        0.053383395075798035
    ],
    "r2": [
        -0.235845148563385,
        0.26903700828552246,
        0.4479726254940033,
        0.5165114402770996,
        0.5580235123634338,
        0.5921041965484619,
        0.6271957755088806,
        0.6582615375518799,
        0.6769822835922241,
        0.6985551118850708,
        0.7146148681640625,
        0.7245796918869019,
        0.7287805080413818,
        0.7286481857299805,
        0.7359602451324463,
        0.738106906414032,
        0.7433268427848816,
        0.7430827617645264,
        0.7473008632659912,
        0.750094473361969,
        0.7529306411743164,
        0.7549591064453125,
        0.753454864025116,
        0.7512795925140381,
        0.7544686794281006,
        0.7613834738731384,
        0.7590193748474121,
        0.7615201473236084,
        0.7613551020622253,
        0.7604732513427734,
        0.7686917185783386,
        0.7698282599449158,
        0.7680627107620239,
        0.7675502300262451,
        0.7690451145172119,
        0.769379734992981,
        0.7731078863143921,
        0.7744261622428894,
        0.7725629210472107,
        0.7720987200737,
        0.7759950160980225,
        0.7789326906204224,
        0.7790538668632507,
        0.7794581651687622,
        0.7800772786140442,
        0.7828729152679443,
        0.7828632593154907,
        0.7725735306739807,
        0.7823672890663147,
        0.7849209904670715
    ],
    "loss": [
        0.08157225190238519,
        0.05304857394234701,
        0.026184333657676525,
        0.020707969765432856,
        0.018570556728677315,
        0.01645646367052739,
        0.014679612570696256,
        0.012949153357608751,
        0.011853454909710721,
        0.01090320887636732,
        0.010147590169005773,
        0.00968003590506586,
        0.009574722837318073,
        0.009433385852554982,
        0.009153737750073726,
        0.009077352725646713,
        0.0089195783207701,
        0.008964786157858643,
        0.00860298693772744,
        0.008770735489881852,
        0.008564359656619754,
        0.0083197017242624,
        0.008534602249379863,
        0.008654704613780434,
        0.008450453360141679,
        0.008260746295987205,
        0.008333296239884063,
        0.008228814652697607,
        0.008179632396521893,
        0.008132986068217591,
        0.007824025783603165,
        0.00778628352352164,
        0.00791014392267574,
        0.007936630461534316,
        0.008080193137919361,
        0.007822266779839993,
        0.007676182441752066,
        0.007618394172327085,
        0.007992761251939968,
        0.007519143443046646,
        0.0075956243090331554,
        0.00755587254058231,
        0.007651613358492878,
        0.007611868204548955,
        0.007403342349624092,
        0.007436327466910536,
        0.007475160443308679,
        0.0076271709986031055,
        0.007358712165362455,
        0.007212826431813565
    ]
}