{
    "rmse": [
        0.0024923274759203196,
        0.002397609408944845,
        0.0023260603193193674,
        0.0022690733894705772,
        0.002236159285530448
    ],
    "mae": [
        0.0019247811287641525,
        0.0018359882524237037,
        0.0017878197832033038,
        0.0017485158750787377,
        0.001725659123621881
    ],
    "r2": [
        0.9993767142295837,
        0.999384343624115,
        0.9994043707847595,
        0.9994397759437561,
        0.9994509220123291
    ],
    "loss": [
        7.153525431789578e-06,
        6.530855401466229e-06,
        6.06885317360951e-06,
        5.7799542134412054e-06,
        5.592601601874905e-06
    ]
}