{
    "rmse": [
        0.006656317505985498,
        0.006502459291368723,
        0.006523268297314644,
        0.006501518655568361,
        0.006516134366393089
    ],
    "mae": [
        0.004719352349638939,
        0.004622256848961115,
        0.004620203748345375,
        0.004611535929143429,
        0.00461670383810997
    ],
    "r2": [
        0.9958328604698181,
        0.9960067272186279,
        0.9959691166877747,
        0.9960078001022339,
        0.9960201978683472
    ],
    "loss": [
        4.985752098788245e-05,
        4.758993909086482e-05,
        4.789917828131284e-05,
        4.757899582075552e-05,
        4.785914380500275e-05
    ]
}