{
    "rmse": [
        0.09833665937185287,
        0.09453386068344116,
        0.09283821284770966,
        0.09142361581325531,
        0.09075998514890671,
        0.09026247262954712,
        0.09007833153009415,
        0.08992113173007965,
        0.08980470895767212,
        0.0897151380777359,
        0.0896482914686203,
        0.0895863026380539,
        0.08946006000041962,
        0.08945031464099884,
        0.08938128501176834,
        0.08935901522636414,
        0.089316725730896,
        0.08927340805530548,
        0.08920755237340927,
        0.0891713947057724,
        0.08917184174060822,
        0.08910602331161499,
        0.08905291557312012,
        0.0890602320432663,
        0.08905986696481705,
        0.08899527788162231,
        0.08896201103925705,
        0.0889560654759407,
        0.08897557854652405,
        0.08888356387615204,
        0.08887747675180435,
        0.08892428874969482,
        0.08884859085083008,
        0.08882604539394379,
        0.08880248665809631,
        0.08879834413528442,
        0.08883537352085114,
        0.08878010511398315,
        0.08871624618768692,
        0.0886881947517395,
        0.0887463390827179,
        0.08868208527565002,
        0.08869940042495728,
        0.08864428102970123,
        0.08865346014499664,
        0.08862538635730743,
        0.08862709999084473,
        0.08859455585479736,
        0.08858256042003632,
        0.08853985369205475
    ],
    "mae": [
        0.07781869918107986,
        0.07525603473186493,
        0.07397188246250153,
        0.0729045644402504,
        0.07235142588615417,
        0.07199844717979431,
        0.0718461275100708,
        0.07172876596450806,
        0.07167188078165054,
        0.07153928279876709,
        0.07152413576841354,
        0.07146299630403519,
        0.07137882709503174,
        0.07136818766593933,
        0.07131464779376984,
        0.07129600644111633,
        0.07126612961292267,
        0.07123330235481262,
        0.07119405269622803,
        0.07116584479808807,
        0.07115183025598526,
        0.07110030949115753,
        0.07108727097511292,
        0.07109856605529785,
        0.07106190919876099,
        0.07104559242725372,
        0.07101096212863922,
        0.07100921869277954,
        0.07100613415241241,
        0.0709657222032547,
        0.07095251977443695,
        0.07096566259860992,
        0.07091861218214035,
        0.07091029733419418,
        0.07090024650096893,
        0.07088854908943176,
        0.07089006155729294,
        0.07087080180644989,
        0.07083838433027267,
        0.07081940025091171,
        0.07084637880325317,
        0.07079987227916718,
        0.07080977410078049,
        0.070769302546978,
        0.07078786194324493,
        0.07077550888061523,
        0.07074478268623352,
        0.07073572278022766,
        0.07073695957660675,
        0.07071015238761902
    ],
    "r2": [
        0.4324114918708801,
        0.4753491282463074,
        0.4941136837005615,
        0.5094192624092102,
        0.5164979100227356,
        0.521719217300415,
        0.5237054824829102,
        0.5253516435623169,
        0.5265750885009766,
        0.527524471282959,
        0.5282121896743774,
        0.5288926362991333,
        0.5302040576934814,
        0.5302809476852417,
        0.5310096144676208,
        0.5312485694885254,
        0.5316806435585022,
        0.5321318507194519,
        0.5328381657600403,
        0.5331950783729553,
        0.5332061052322388,
        0.5339018106460571,
        0.534426212310791,
        0.5343764424324036,
        0.5343718528747559,
        0.5350282192230225,
        0.5353856682777405,
        0.5354356169700623,
        0.5352452397346497,
        0.5361925959587097,
        0.5362619161605835,
        0.5357937812805176,
        0.5365576148033142,
        0.5368001461029053,
        0.5370505452156067,
        0.5370796322822571,
        0.5367242693901062,
        0.5372793078422546,
        0.537935733795166,
        0.5382488965988159,
        0.5376445651054382,
        0.538327157497406,
        0.5381253957748413,
        0.5386861562728882,
        0.538600504398346,
        0.5388846397399902,
        0.5388861894607544,
        0.5392035245895386,
        0.5393308401107788,
        0.5397630929946899
    ],
    "loss": [
        0.009673096920698555,
        0.008939204523435178,
        0.00862148473425959,
        0.008360975778699792,
        0.008239172646171298,
        0.008147833597906239,
        0.008116014657490369,
        0.008087544986223856,
        0.0080663239936023,
        0.00805106828784385,
        0.00803894821209942,
        0.008027042399435604,
        0.008006688599523745,
        0.008002469261661607,
        0.007990700408219965,
        0.00798756331995086,
        0.007979853033109933,
        0.007971213961344169,
        0.007961161219860749,
        0.00795442983678308,
        0.007953637292505138,
        0.00794214948335096,
        0.00793209344990094,
        0.007934025095977237,
        0.007932716618055119,
        0.00792097301822842,
        0.007916675454035554,
        0.007914646927945381,
        0.007918958633195892,
        0.007901862180282564,
        0.007903761014598285,
        0.007910196971330705,
        0.007895034078878966,
        0.00789094572663525,
        0.007886638605152938,
        0.007886198882356678,
        0.007892589801677355,
        0.007884718525040982,
        0.00787366160099008,
        0.007867887442896132,
        0.007876166272894834,
        0.007865243044352344,
        0.007869202266134082,
        0.007859256797965768,
        0.007860274684522845,
        0.007856179231965686,
        0.007856048656864451,
        0.007849832902776828,
        0.007849522879924516,
        0.007840382259976315
    ]
}