{
    "rmse": [
        0.0028588499408215284,
        0.002836294937878847,
        0.002772688400000334,
        0.0027719687204807997,
        0.0027357519138604403
    ],
    "mae": [
        0.0020255546551197767,
        0.0020282557234168053,
        0.002016958314925432,
        0.0020254529081285,
        0.002010227646678686
    ],
    "r2": [
        0.9991511106491089,
        0.9991994500160217,
        0.9992244243621826,
        0.9992261528968811,
        0.9992486238479614
    ],
    "loss": [
        9.235938353580495e-06,
        9.203164760204322e-06,
        8.764293258215183e-06,
        8.766171338808832e-06,
        8.539883322257762e-06
    ]
}